Temps,Temperature,Frequency,Cpu_usage,Cpu_memory
1699352528.351,43.329,1800.0,75.0,8.7
1699352528.855,45.764,1800.0,53.2,9.4
1699352529.358,44.303,1800.0,41.7,9.7
1699352529.86,45.277,1800.0,32.7,9.9
1699352530.363,44.303,1800.0,29.7,10.1
1699352530.866,45.764,1800.0,29.9,10.3
1699352531.369,46.251,1800.0,37.5,10.0
1699352531.872,45.764,1800.0,30.8,10.2
1699352532.374,44.79,1800.0,29.6,10.3
1699352532.877,45.764,1800.0,41.6,10.4
1699352533.38,45.764,1800.0,34.7,10.6
1699352533.883,45.764,1800.0,3.0,10.6
1699352534.386,45.764,1800.0,8.0,10.1
1699352534.888,46.251,1800.0,34.3,10.5
1699352535.391,45.764,1800.0,3.0,10.6
1699352535.893,45.764,1800.0,0.0,10.6
1699352536.396,45.277,1800.0,0.0,10.6
1699352536.898,43.816,1800.0,0.0,10.6
1699352537.4,44.79,1800.0,0.5,10.6
1699352537.902,45.277,1800.0,0.0,10.6
1699352538.408,43.816,600.0,3.0,10.6
1699352538.911,44.79,1800.0,2.0,10.6
1699352539.414,44.79,1800.0,0.5,10.6
1699352539.916,44.79,1800.0,0.0,10.6
1699352540.419,44.303,1800.0,15.9,10.3
1699352540.921,45.277,1800.0,28.6,10.6
1699352541.424,45.764,1800.0,0.0,10.6
1699352541.926,45.764,1800.0,0.0,10.6
1699352542.429,44.79,1800.0,0.5,10.6
1699352542.931,44.303,1800.0,0.5,10.6
1699352543.434,44.79,1800.0,1.0,10.6
1699352543.945,44.79,600.0,0.5,10.6
1699352544.45,45.277,600.0,0.0,10.6
1699352544.956,44.303,600.0,0.0,10.6
1699352545.462,44.79,600.0,2.0,10.6
1699352545.969,43.329,600.0,5.5,10.1
1699352546.472,44.79,1800.0,25.7,10.5
1699352546.975,45.764,1800.0,17.6,10.7
1699352547.478,44.79,1800.0,0.0,10.7
1699352547.98,43.816,1800.0,0.0,10.7
1699352548.482,44.303,1800.0,1.5,10.7
1699352548.985,44.303,1800.0,0.0,10.7
1699352549.487,44.79,1800.0,0.0,10.7
1699352549.989,44.303,1800.0,0.0,10.7
1699352550.492,45.277,1800.0,0.0,10.7
1699352550.994,44.79,1800.0,0.0,10.7
1699352551.5,44.79,600.0,1.0,10.7
1699352552.003,45.277,1800.0,13.6,10.2
1699352552.505,45.764,1800.0,33.7,10.6
1699352553.008,45.277,1800.0,0.5,10.6
1699352553.51,44.79,1800.0,1.5,10.6
1699352554.012,45.277,1800.0,0.0,10.6
1699352554.515,45.277,1800.0,12.9,10.4
1699352555.018,45.277,1800.0,10.5,10.3
1699352555.52,44.303,1800.0,0.5,10.3
1699352556.022,44.303,1800.0,0.0,10.3
1699352556.525,44.79,1800.0,0.5,10.3
1699352557.03,44.79,600.0,0.0,10.3
1699352557.535,45.277,600.0,0.5,10.3
1699352558.039,44.79,1800.0,19.6,10.0
1699352558.541,45.764,1800.0,30.2,10.3
1699352559.044,45.277,1800.0,0.5,10.3
1699352559.546,46.251,1800.0,0.0,10.3
1699352560.048,45.764,1800.0,0.5,10.3
1699352560.551,44.79,1800.0,0.0,10.3
1699352561.053,45.277,1800.0,0.0,10.3
1699352561.556,44.79,1800.0,0.5,10.3
1699352562.058,45.277,1800.0,0.0,10.3
1699352562.56,44.303,1800.0,0.0,10.3
1699352563.066,44.303,600.0,0.0,10.3
1699352563.573,44.79,700.0,2.0,10.3
1699352564.076,45.277,1800.0,23.4,10.1
1699352564.579,44.303,1800.0,22.6,10.3
1699352565.081,46.251,1800.0,0.0,10.3
1699352565.583,44.303,1800.0,0.0,10.3
1699352566.086,45.764,1800.0,0.0,10.3
1699352566.588,45.277,1800.0,0.0,10.3
1699352567.09,45.277,1800.0,0.0,10.3
1699352567.593,45.277,1800.0,0.5,10.3
1699352568.095,44.79,1800.0,0.0,10.3
1699352568.597,44.303,1800.0,1.5,10.3
1699352569.103,43.816,600.0,0.0,10.3
1699352569.605,44.79,1800.0,9.5,9.7
1699352570.108,46.738,1800.0,34.3,10.3
1699352570.611,44.79,1800.0,2.5,10.3
1699352571.113,46.251,1800.0,0.0,10.3
1699352571.616,45.764,1800.0,0.5,10.3
1699352572.118,45.277,1800.0,0.0,10.3
1699352572.62,45.764,1800.0,0.0,10.3
1699352573.123,44.79,1800.0,0.0,10.3
1699352573.625,45.277,1800.0,1.5,10.3
1699352574.128,43.816,1800.0,0.0,10.3
1699352574.633,44.79,600.0,0.5,10.3
1699352575.138,44.79,600.0,0.0,10.3
1699352575.641,45.277,1800.0,17.1,9.9
1699352576.144,45.764,1800.0,30.7,10.3
1699352576.647,45.764,1800.0,0.0,10.3
1699352577.149,45.764,1800.0,0.0,10.3
1699352577.651,45.277,1800.0,0.0,10.3
1699352578.153,45.764,1800.0,0.0,10.3
1699352578.656,45.277,1800.0,1.5,10.3
1699352579.158,45.277,1800.0,0.0,10.3
1699352579.661,45.277,1800.0,0.0,10.3
1699352580.163,45.277,1800.0,0.0,10.3
1699352580.668,44.79,600.0,0.5,10.3
1699352581.173,44.303,800.0,2.0,10.2
1699352581.676,46.738,1800.0,25.7,10.1
1699352582.179,44.79,1800.0,21.6,10.2
1699352582.682,45.277,1800.0,0.5,10.2
1699352583.184,46.251,1800.0,0.0,10.2
1699352583.687,45.277,1800.0,1.5,10.2
1699352584.189,44.79,1800.0,0.0,10.2
1699352584.691,45.764,1800.0,0.0,10.2
1699352585.193,44.79,1800.0,0.0,10.2
1699352585.696,45.277,1800.0,0.0,10.2
1699352586.198,45.277,1800.0,0.0,10.2
1699352586.703,44.79,600.0,0.5,10.2
1699352587.206,44.79,1800.0,6.5,9.2
1699352587.709,45.277,1800.0,25.4,10.1
1699352588.211,45.277,1800.0,16.6,10.2
1699352588.714,45.277,1800.0,1.0,10.2
1699352589.216,44.79,1800.0,0.5,10.2
1699352589.719,45.277,1800.0,0.0,10.2
1699352590.221,45.764,1800.0,0.0,10.2
1699352590.723,44.79,1800.0,0.0,10.2
1699352591.225,44.303,1800.0,0.0,10.2
1699352591.728,44.79,1800.0,0.0,10.2
1699352592.232,44.79,700.0,0.5,10.2
1699352592.737,44.303,600.0,0.5,10.2
1699352593.24,45.277,1800.0,15.6,9.8
1699352593.743,45.764,1800.0,32.7,10.2
1699352594.246,45.764,1800.0,0.0,10.2
1699352594.748,44.79,1800.0,0.5,10.2
1699352595.25,45.764,1800.0,0.0,10.2
1699352595.752,45.764,1800.0,0.5,10.2
1699352596.255,45.764,1800.0,0.0,10.2
1699352596.757,45.277,1800.0,0.0,10.2
1699352597.259,45.764,1800.0,0.0,10.2
1699352597.761,45.277,1800.0,0.0,10.2
1699352598.267,45.764,600.0,0.5,10.2
1699352598.772,45.277,600.0,2.0,10.2
1699352599.276,45.764,1800.0,25.7,10.0
1699352599.778,45.277,1800.0,21.2,10.2
1699352600.281,45.764,1800.0,0.5,10.2
1699352600.783,44.79,1800.0,0.0,10.2
1699352601.285,45.277,1800.0,0.0,10.2
1699352601.788,45.277,1800.0,0.0,10.2
1699352602.29,46.738,1800.0,0.0,10.2
1699352602.792,46.251,1800.0,0.5,10.2
1699352603.295,45.764,1800.0,0.0,10.2
1699352603.797,44.79,1800.0,1.0,10.2
1699352604.303,45.764,600.0,0.5,10.2
1699352604.805,45.764,1800.0,10.9,9.7
1699352605.309,47.225,1800.0,34.7,10.2
1699352605.811,45.764,1800.0,3.5,10.2
1699352606.313,45.764,1800.0,0.0,10.2
1699352606.816,44.79,1800.0,1.0,10.2
1699352607.318,45.277,1800.0,0.0,10.2
1699352607.82,45.277,1800.0,0.0,10.2
1699352608.323,44.79,1800.0,0.0,10.2
1699352608.825,45.277,1800.0,1.0,10.2
1699352609.328,45.764,1800.0,0.5,10.2
1699352609.832,46.251,700.0,0.0,10.2
1699352610.338,43.816,600.0,0.5,10.2
1699352610.841,45.764,1800.0,20.5,10.0
1699352611.344,46.251,1800.0,26.6,10.2
1699352611.846,45.764,1800.0,0.0,10.2
1699352612.349,45.277,1800.0,0.0,10.2
1699352612.851,46.738,1800.0,0.0,10.2
1699352613.353,45.764,1800.0,0.0,10.2
1699352613.856,46.251,1800.0,1.5,10.2
1699352614.358,45.764,1800.0,0.0,10.2
1699352614.86,46.251,1800.0,0.5,10.2
1699352615.362,45.277,1800.0,0.0,10.2
1699352615.867,44.303,600.0,0.0,10.2
1699352616.371,45.277,1800.0,7.0,9.3
1699352616.876,46.251,1800.0,28.7,10.1
1699352617.378,46.738,1800.0,11.6,10.2
1699352617.881,45.277,1800.0,0.0,10.2
1699352618.383,44.79,1800.0,0.0,10.2
1699352618.886,45.764,1800.0,1.5,10.2
1699352619.388,45.277,1800.0,0.0,10.2
1699352619.89,45.764,1800.0,0.0,10.2
1699352620.393,45.277,1800.0,0.5,10.2
1699352620.895,45.277,1800.0,0.0,10.2
1699352621.399,45.764,700.0,0.0,10.2
1699352621.905,43.816,600.0,0.5,10.2
1699352622.408,46.738,1800.0,17.4,9.8
1699352622.91,46.738,1800.0,31.0,10.2
1699352623.413,45.764,1800.0,0.0,10.2
1699352623.919,46.251,1800.0,1.0,10.2
1699352624.421,46.251,1800.0,0.0,10.2
1699352624.923,44.79,1800.0,0.0,10.2
1699352625.425,46.251,1800.0,0.0,10.2
1699352625.928,46.251,1800.0,0.5,10.2
1699352626.43,45.277,1800.0,0.0,10.2
1699352626.932,45.277,1800.0,0.0,10.2
1699352627.437,45.277,600.0,0.0,10.2
1699352627.943,45.277,700.0,2.5,10.2
1699352628.445,45.764,1800.0,26.5,10.1
1699352628.948,46.738,1800.0,20.7,10.2
1699352629.451,45.764,1800.0,0.0,10.2
1699352629.953,45.764,1800.0,0.0,10.2
1699352630.455,46.738,1800.0,0.0,10.2
1699352630.957,46.251,1800.0,0.5,10.2
1699352631.46,45.764,1800.0,0.5,10.2
1699352631.962,45.764,1800.0,0.0,10.2
1699352632.464,46.251,1800.0,0.0,10.2
1699352632.966,45.277,1800.0,0.0,10.2
1699352633.472,45.764,600.0,1.5,10.2
1699352633.975,45.764,1800.0,10.4,9.7
1699352634.478,46.738,1800.0,34.0,10.2
1699352634.981,46.251,1800.0,4.0,10.2
1699352635.483,47.225,1800.0,0.0,10.2
1699352635.985,46.251,1800.0,0.0,10.2
1699352636.488,45.277,1800.0,0.0,10.2
1699352636.99,46.251,1800.0,0.0,10.2
1699352637.492,46.251,1800.0,0.5,10.2
1699352637.994,45.277,1800.0,0.0,10.2
1699352638.497,45.764,1800.0,0.5,10.2
1699352639.002,45.277,700.0,1.0,10.2
1699352639.507,45.764,600.0,0.0,10.2
1699352640.01,45.764,1800.0,16.9,9.9
1699352640.513,45.764,1800.0,31.8,10.3
1699352641.016,46.251,1800.0,0.5,10.3
1699352641.518,45.277,1800.0,0.0,10.3
1699352642.021,46.251,1800.0,0.5,10.3
1699352642.523,47.225,1800.0,0.0,10.3
1699352643.025,45.277,1800.0,0.0,10.3
1699352643.528,45.764,1800.0,1.5,10.3
1699352644.03,46.738,1800.0,0.0,10.3
1699352644.533,45.764,1800.0,0.0,10.3
1699352645.038,45.764,600.0,0.0,10.3
1699352645.544,46.738,600.0,1.5,10.2
1699352646.048,46.738,1800.0,25.0,10.1
1699352646.55,47.712,1800.0,21.6,10.3
1699352647.053,46.251,1800.0,0.5,10.3
1699352647.555,46.251,1800.0,0.0,10.3
1699352648.058,46.251,1800.0,0.0,10.3
1699352648.56,46.251,1800.0,1.5,10.3
1699352649.062,45.764,1800.0,0.0,10.3
1699352649.565,46.738,1800.0,0.0,10.3
1699352650.072,45.764,1800.0,0.0,10.3
1699352650.574,45.764,1800.0,0.0,10.3
1699352651.079,45.277,600.0,0.5,10.3
1699352651.582,46.738,1800.0,9.0,9.7
1699352652.086,47.225,1800.0,33.0,10.2
1699352652.589,46.738,1800.0,7.0,10.3
1699352653.091,46.251,1800.0,0.0,10.3
1699352653.593,45.764,1800.0,1.5,10.3
1699352654.096,45.277,1800.0,0.0,10.3
1699352654.598,45.764,1800.0,0.0,10.3
1699352655.103,45.764,1800.0,0.5,10.3
1699352655.606,46.251,1800.0,0.0,10.3
1699352656.108,45.764,1800.0,0.0,10.3
1699352656.612,45.277,700.0,0.0,10.3
1699352657.118,45.277,600.0,0.5,10.3
1699352657.621,46.251,1800.0,19.9,9.9
1699352658.124,47.225,1800.0,28.9,10.2
1699352658.626,46.251,1800.0,1.0,10.2
1699352659.128,45.764,1800.0,0.5,10.2
1699352659.631,46.738,1800.0,0.0,10.2
1699352660.138,46.251,1800.0,0.0,10.2
1699352660.64,47.225,1800.0,0.0,10.2
1699352661.142,46.251,1800.0,0.0,10.2
1699352661.645,46.251,1800.0,0.0,10.2
1699352662.147,46.251,1800.0,0.5,10.2
1699352662.652,46.251,600.0,0.5,10.2
1699352663.156,45.764,1800.0,4.5,9.8
1699352663.659,47.225,1800.0,26.7,10.1
1699352664.162,46.738,1800.0,17.2,10.3
1699352664.665,46.738,1800.0,0.5,10.3
1699352665.169,46.251,1800.0,1.0,10.3
1699352665.672,45.764,1800.0,1.0,10.3
1699352666.174,46.738,1800.0,0.0,10.3
1699352666.677,45.764,1800.0,0.0,10.3
1699352667.179,47.225,1800.0,0.0,10.3
1699352667.681,45.764,1800.0,0.5,10.3
1699352668.186,46.251,700.0,0.5,10.3
1699352668.691,45.764,700.0,1.5,10.3
1699352669.194,45.277,1800.0,15.0,9.9
1699352669.697,46.738,1800.0,34.7,10.3
1699352670.202,46.738,1800.0,0.0,10.3
1699352670.705,46.251,1800.0,0.0,10.3
1699352671.207,46.251,1800.0,0.5,10.3
1699352671.71,45.764,1800.0,0.0,10.3
1699352672.212,45.764,1800.0,0.5,10.3
1699352672.714,45.277,1800.0,0.0,10.3
1699352673.216,45.277,1800.0,0.0,10.3
1699352673.719,45.277,1800.0,1.0,10.3
1699352674.224,45.764,700.0,0.0,10.3
1699352674.729,45.764,600.0,0.5,10.3
1699352675.233,47.225,1800.0,24.3,10.1
1699352675.736,46.251,1800.0,23.1,10.3
1699352676.238,47.225,1800.0,0.0,10.3
1699352676.741,46.738,1800.0,0.5,10.3
1699352677.243,47.225,1800.0,0.0,10.3
1699352677.745,46.251,1800.0,0.5,10.3
1699352678.248,46.738,1800.0,0.0,10.3
1699352678.75,46.738,1800.0,1.0,10.3
1699352679.253,46.251,1800.0,0.0,10.3
1699352679.755,45.277,1800.0,0.5,10.3
1699352680.26,46.251,600.0,0.5,10.3
1699352680.764,46.738,1800.0,7.5,9.4
1699352681.268,47.225,1800.0,28.9,10.1
1699352681.771,46.251,1800.0,11.6,10.2
1699352682.273,46.738,1800.0,0.0,10.2
1699352682.775,46.251,1800.0,0.5,10.2
1699352683.278,46.251,1800.0,0.0,10.2
1699352683.78,45.764,1800.0,1.0,10.2
1699352684.283,46.738,1800.0,0.0,10.2
1699352684.785,47.712,1800.0,0.0,10.2
1699352685.287,45.764,1800.0,0.0,10.2
1699352685.792,46.251,700.0,0.5,10.2
1699352686.297,45.764,600.0,0.0,10.2
1699352686.8,47.225,1800.0,12.5,9.7
1699352687.303,47.225,1800.0,34.2,10.2
1699352687.806,47.225,1800.0,1.5,10.2
1699352688.308,46.251,1800.0,0.0,10.2
1699352688.81,46.738,1800.0,1.0,10.2
1699352689.313,46.738,1800.0,0.0,10.2
1699352689.815,45.764,1800.0,0.0,10.2
1699352690.317,46.738,1800.0,0.0,10.2
1699352690.82,46.251,1800.0,0.0,10.2
1699352691.322,46.738,1800.0,0.0,10.2
1699352691.827,45.764,600.0,0.5,10.2
1699352692.332,46.251,600.0,0.5,10.2
1699352692.835,46.251,1800.0,20.5,10.0
1699352693.338,46.738,1800.0,27.0,10.2
1699352693.841,45.764,1800.0,1.5,10.2
1699352694.343,46.251,1800.0,0.0,10.2
1699352694.845,46.738,1800.0,0.0,10.2
1699352695.347,47.225,1800.0,0.0,10.2
1699352695.85,46.251,1800.0,0.0,10.2
1699352696.352,47.225,1800.0,0.5,10.2
1699352696.854,46.251,1800.0,0.0,10.2
1699352697.357,46.251,1800.0,0.5,10.2
1699352697.862,45.764,600.0,0.0,10.2
1699352698.366,46.738,900.0,4.5,9.2
1699352698.869,46.738,1800.0,26.4,10.1
1699352699.372,46.251,1800.0,19.2,10.2
1699352699.874,46.251,1800.0,0.0,10.2
1699352700.377,46.251,1800.0,0.5,10.2
1699352700.879,46.738,1800.0,0.0,10.2
1699352701.381,47.225,1800.0,0.5,10.2
1699352701.884,46.251,1800.0,0.0,10.2
1699352702.386,46.251,1800.0,0.0,10.2
1699352702.888,45.764,1800.0,0.5,10.2
1699352703.391,45.764,1800.0,0.0,10.2
1699352703.896,45.764,600.0,1.5,10.2
1699352704.399,47.712,1800.0,12.5,9.7
1699352704.902,47.225,1800.0,35.1,10.1
1699352705.405,47.225,1800.0,1.0,10.2
1699352705.907,46.738,1800.0,0.0,10.2
1699352706.41,46.738,1800.0,0.0,10.2
1699352706.912,47.712,1800.0,0.5,10.2
1699352707.415,46.251,1800.0,0.0,10.2
1699352707.917,46.738,1800.0,0.0,10.2
1699352708.419,46.251,1800.0,0.0,10.2
1699352708.922,46.251,1800.0,0.5,10.2
1699352709.427,45.764,700.0,0.5,10.2
1699352709.932,46.738,600.0,0.0,10.2
1699352710.435,48.199,1800.0,21.9,10.0
1699352710.938,47.225,1800.0,25.0,10.2
1699352711.44,47.225,1800.0,0.0,10.2
1699352711.943,47.712,1800.0,0.0,10.2
1699352712.445,46.738,1800.0,0.5,10.2
1699352712.948,46.251,1800.0,0.0,10.2
1699352713.45,46.251,1800.0,0.0,10.2
1699352713.953,46.738,1800.0,1.5,10.2
1699352714.455,46.251,1800.0,0.0,10.2
1699352714.957,46.738,1800.0,0.0,10.2
1699352715.462,47.225,600.0,0.5,10.2
1699352715.966,46.738,900.0,6.9,9.2
1699352716.47,47.712,1800.0,24.9,10.1
1699352716.973,46.251,1800.0,18.4,10.3
1699352717.475,46.251,1800.0,0.0,10.3
1699352717.978,45.764,1800.0,0.5,10.3
1699352718.48,46.738,1800.0,0.5,10.3
1699352718.982,46.251,1800.0,0.5,10.3
1699352719.485,46.738,1800.0,0.5,10.3
1699352719.987,46.251,1800.0,0.0,10.3
1699352720.489,45.764,1800.0,0.0,10.3
1699352720.991,45.764,1800.0,0.5,10.3
1699352721.497,46.738,600.0,0.0,10.3
1699352721.999,46.738,1800.0,15.0,9.9
1699352722.502,47.225,1800.0,33.0,10.2
1699352723.005,47.225,1800.0,0.5,10.2
1699352723.507,46.738,1800.0,1.0,10.2
1699352724.009,46.738,1800.0,0.5,10.2
1699352724.512,46.738,1800.0,0.0,10.2
1699352725.014,46.251,1800.0,0.0,10.2
1699352725.517,47.225,1800.0,1.0,10.2
1699352726.019,46.251,1800.0,0.0,10.2
1699352726.521,46.251,1800.0,0.0,10.2
1699352727.027,46.738,600.0,0.5,10.2
1699352727.532,46.251,600.0,0.5,10.2
1699352728.035,46.738,1800.0,24.5,10.0
1699352728.538,47.225,1800.0,24.0,10.2
1699352729.04,46.738,1800.0,0.5,10.2
1699352729.543,47.225,1800.0,0.0,10.2
1699352730.045,46.251,1800.0,0.0,10.2
1699352730.547,47.712,1800.0,0.0,10.2
1699352731.049,45.764,1800.0,0.5,10.2
1699352731.552,46.251,1800.0,0.5,10.2
1699352732.054,45.764,1800.0,0.0,10.2
1699352732.556,47.225,1800.0,0.0,10.2
1699352733.061,46.251,600.0,0.0,10.2
1699352733.564,46.738,1800.0,11.4,9.6
1699352734.068,47.225,1800.0,32.5,10.2
1699352734.571,47.712,1800.0,5.0,10.2
1699352735.073,47.225,1800.0,0.0,10.2
1699352735.576,46.738,1800.0,0.5,10.2
1699352736.078,47.225,1800.0,0.0,10.2
1699352736.58,46.251,1800.0,0.0,10.2
1699352737.083,47.225,1800.0,0.0,10.2
1699352737.585,46.738,1800.0,0.0,10.2
1699352738.087,46.738,1800.0,0.0,10.2
1699352738.592,46.251,700.0,1.5,10.2
1699352739.097,46.738,600.0,0.5,10.2
1699352739.6,47.712,1800.0,16.1,9.9
1699352740.103,47.225,1800.0,31.2,10.2
1699352740.606,47.225,1800.0,0.0,10.2
1699352741.108,47.225,1800.0,0.0,10.2
1699352741.61,46.251,1800.0,0.0,10.2
1699352742.112,46.251,1800.0,0.0,10.2
1699352742.615,45.764,1800.0,0.0,10.2
1699352743.117,47.225,1800.0,0.0,10.2
1699352743.619,46.251,1800.0,1.5,10.2
1699352744.122,46.738,1800.0,0.0,10.2
1699352744.627,45.277,600.0,0.5,10.2
1699352745.133,46.738,600.0,1.5,10.2
1699352745.636,47.225,1800.0,25.4,10.1
1699352746.138,47.225,1800.0,20.6,10.2
1699352746.641,47.225,1800.0,0.0,10.2
1699352747.143,47.712,1800.0,0.0,10.2
1699352747.645,46.738,1800.0,0.5,10.2
1699352748.148,46.251,1800.0,0.0,10.2
1699352748.65,46.738,1800.0,1.0,10.2
1699352749.152,46.251,1800.0,0.0,10.2
1699352749.655,45.764,1800.0,0.0,10.2
1699352750.157,46.738,1800.0,0.0,10.2
1699352750.662,46.251,600.0,0.5,10.2
1699352751.165,45.764,1800.0,12.4,9.7
1699352751.668,47.225,1800.0,35.0,10.2
1699352752.17,46.738,1800.0,0.5,10.2
1699352752.673,45.764,1800.0,0.0,10.2
1699352753.175,46.251,1800.0,0.0,10.2
1699352753.677,46.738,1800.0,1.5,10.2
1699352754.18,46.251,1800.0,0.5,10.2
1699352754.682,46.738,1800.0,0.0,10.2
1699352755.184,47.225,1800.0,0.0,10.2
1699352755.687,47.225,1800.0,0.0,10.2
1699352756.192,47.712,600.0,0.5,10.2
1699352756.697,46.738,600.0,0.0,10.2
1699352757.2,46.738,1800.0,23.0,10.0
1699352757.703,47.225,1800.0,24.4,10.3
1699352758.205,46.251,1800.0,0.0,10.3
1699352758.708,47.225,1800.0,1.0,10.3
1699352759.21,47.225,1800.0,0.0,10.3
1699352759.713,46.251,1800.0,0.5,10.3
1699352760.215,46.738,1800.0,0.0,10.3
1699352760.717,45.764,1800.0,0.0,10.3
1699352761.22,46.251,1800.0,0.5,10.2
1699352761.722,46.251,1800.0,0.0,10.2
1699352762.227,46.251,600.0,0.0,10.2
1699352762.73,47.225,1800.0,9.4,9.6
1699352763.233,47.225,1800.0,31.0,10.2
1699352763.736,47.712,1800.0,8.5,10.3
1699352764.238,47.225,1800.0,0.0,10.3
1699352764.741,46.738,1800.0,0.5,10.3
1699352765.243,47.225,1800.0,0.0,10.3
1699352765.745,46.738,1800.0,0.5,10.3
1699352766.248,46.738,1800.0,0.0,10.3
1699352766.75,45.277,1800.0,0.0,10.3
1699352767.253,45.764,1800.0,0.5,10.3
1699352767.757,46.738,700.0,0.5,10.3
1699352768.263,46.251,600.0,0.0,10.3
1699352768.766,47.225,1800.0,17.0,9.9
1699352769.268,47.712,1800.0,32.5,10.3
1699352769.771,47.225,1800.0,0.5,10.3
1699352770.273,46.251,1800.0,0.0,10.3
1699352770.776,47.225,1800.0,0.0,10.3
1699352771.278,46.738,1800.0,0.0,10.3
1699352771.78,47.225,1800.0,0.0,10.3
1699352772.282,47.225,1800.0,0.0,10.3
1699352772.785,46.251,1800.0,0.5,10.3
1699352773.287,46.738,1800.0,0.0,10.3
1699352773.792,46.251,600.0,1.5,10.3
1699352774.298,46.738,600.0,0.5,10.2
1699352774.801,46.738,1800.0,25.4,10.1
1699352775.304,47.712,1800.0,22.1,10.2
1699352775.806,48.199,1800.0,0.0,10.2
1699352776.309,46.738,1800.0,0.5,10.2
1699352776.811,47.225,1800.0,0.0,10.2
1699352777.313,46.251,1800.0,0.0,10.2
1699352777.815,47.225,1800.0,0.0,10.2
1699352778.318,46.738,1800.0,0.0,10.2
1699352778.82,46.738,1800.0,1.5,10.2
1699352779.322,46.251,1800.0,0.0,10.2
1699352779.827,45.764,600.0,0.5,10.2
1699352780.33,46.251,1800.0,10.4,9.8
1699352780.833,47.712,1800.0,33.8,10.3
1699352781.336,45.764,1800.0,3.5,10.3
1699352781.838,46.251,1800.0,0.0,10.3
1699352782.341,46.251,1800.0,0.0,10.3
1699352782.843,46.738,1800.0,0.0,10.3
1699352783.345,46.251,1800.0,0.5,10.3
1699352783.848,45.764,1800.0,1.0,10.3
1699352784.35,46.251,1800.0,0.0,10.3
1699352784.853,46.251,1800.0,1.0,10.3
1699352785.358,46.251,600.0,1.0,10.3
1699352785.863,46.251,600.0,0.5,10.3
1699352786.366,47.225,1800.0,20.4,10.0
1699352786.869,46.738,1800.0,26.1,10.3
1699352787.371,47.712,1800.0,0.0,10.3
1699352787.874,45.277,1800.0,0.0,10.3
1699352788.376,47.225,1800.0,0.0,10.3
1699352788.879,46.251,1800.0,1.5,10.3
1699352789.381,47.712,1800.0,0.0,10.3
1699352789.883,45.764,1800.0,0.0,10.3
1699352790.386,45.764,1800.0,0.5,10.3
1699352790.888,45.764,1800.0,0.0,10.3
1699352791.393,46.738,600.0,0.5,10.3
1699352791.898,46.251,1000.0,6.0,9.3
1699352792.402,47.225,1800.0,25.5,10.1
1699352792.905,46.738,1800.0,16.9,10.2
1699352793.407,47.225,1800.0,0.0,10.2
1699352793.91,47.225,1800.0,0.5,10.2
1699352794.412,47.712,1800.0,0.5,10.2
1699352794.914,46.738,1800.0,0.0,10.2
1699352795.417,47.712,1800.0,0.0,10.2
1699352795.919,46.251,1800.0,0.0,10.2
1699352796.421,45.764,1800.0,0.0,10.2
1699352796.924,46.251,1800.0,0.0,10.2
1699352797.43,46.251,600.0,0.5,10.2
1699352797.933,46.738,1800.0,11.0,9.7
1699352798.436,47.712,1800.0,34.8,10.2
1699352798.938,47.712,1800.0,3.5,10.3
1699352799.441,46.738,1800.0,0.0,10.3
1699352799.943,47.225,1800.0,0.0,10.3
1699352800.445,47.225,1800.0,0.0,10.3
1699352800.948,46.738,1800.0,0.0,10.3
1699352801.45,46.251,1800.0,0.0,10.3
1699352801.952,46.738,1800.0,0.5,10.3
1699352802.455,47.225,1800.0,0.0,10.3
1699352802.96,46.251,600.0,0.0,10.3
1699352803.465,47.225,600.0,0.0,10.3
1699352803.968,46.738,1800.0,22.5,10.0
1699352804.471,47.225,1800.0,25.5,10.3
1699352804.973,46.738,1800.0,0.5,10.3
1699352805.476,46.738,1800.0,0.0,10.3
1699352805.978,45.764,1800.0,0.0,10.3
1699352806.48,46.738,1800.0,0.0,10.3
1699352806.982,46.251,1800.0,0.0,10.3
1699352807.485,46.251,1800.0,0.0,10.3
1699352807.987,46.251,1800.0,0.0,10.3
1699352808.49,47.225,1800.0,0.5,10.3
1699352808.995,46.738,600.0,1.0,10.3
1699352809.503,46.251,700.0,4.0,9.9
1699352810.005,46.738,1800.0,25.4,10.1
1699352810.508,47.225,1800.0,18.9,10.2
1699352811.01,47.712,1800.0,0.0,10.2
1699352811.512,47.225,1800.0,0.0,10.2
1699352812.015,47.712,1800.0,0.0,10.2
1699352812.517,46.738,1800.0,0.0,10.2
1699352813.019,47.225,1800.0,0.0,10.2
1699352813.521,46.738,1800.0,0.5,10.2
1699352814.024,46.738,1800.0,1.0,10.2
1699352814.527,46.251,1800.0,0.0,10.2
1699352815.032,46.738,600.0,0.0,10.2
1699352815.535,47.712,1800.0,11.4,9.7
1699352816.037,47.712,1800.0,34.2,10.2
1699352816.54,47.225,1800.0,2.5,10.3
1699352817.042,47.225,1800.0,0.5,10.3
1699352817.544,46.251,1800.0,0.0,10.3
1699352818.047,46.738,1800.0,0.0,10.3
1699352818.549,46.738,1800.0,1.0,10.3
1699352819.051,46.738,1800.0,0.5,10.3
1699352819.554,47.225,1800.0,0.0,10.3
1699352820.056,47.225,1800.0,0.0,10.3
1699352820.561,46.251,600.0,0.0,10.3
1699352821.066,46.251,800.0,2.0,10.3
1699352821.569,47.225,1800.0,21.4,10.0
1699352822.072,47.225,1800.0,26.9,10.3
1699352822.574,46.251,1800.0,0.0,10.3
1699352823.077,46.738,1800.0,0.0,10.3
1699352823.579,46.738,1800.0,1.0,10.3
1699352824.082,47.712,1800.0,0.0,10.3
1699352824.584,46.251,1800.0,0.5,10.3
1699352825.086,47.225,1800.0,0.0,10.3
1699352825.588,46.251,1800.0,0.0,10.3
1699352826.091,46.251,1800.0,0.0,10.3
1699352826.596,46.738,600.0,0.5,10.3
1699352827.102,46.738,600.0,2.0,10.2
1699352827.605,47.712,1800.0,25.7,10.1
1699352828.108,47.712,1800.0,20.5,10.3
1699352828.61,47.225,1800.0,1.0,10.3
1699352829.113,46.738,1800.0,0.0,10.3
1699352829.615,46.251,1800.0,0.0,10.3
1699352830.117,46.738,1800.0,0.0,10.3
1699352830.619,47.712,1800.0,0.5,10.3
1699352831.122,46.738,1800.0,0.0,10.3
1699352831.624,47.225,1800.0,0.0,10.3
1699352832.126,46.251,1800.0,0.0,10.3
1699352832.631,46.738,600.0,0.0,10.3
1699352833.134,48.199,1800.0,12.9,9.8
1699352833.637,47.712,1800.0,35.5,10.3
1699352834.14,46.251,1800.0,0.0,10.3
1699352834.642,46.738,1800.0,0.0,10.3
1699352835.144,45.764,1800.0,0.0,10.3
1699352835.647,46.251,1800.0,0.0,10.3
1699352836.149,47.712,1800.0,0.0,10.3
1699352836.651,47.225,1800.0,0.0,10.3
1699352837.153,47.712,1800.0,0.5,10.3
1699352837.656,47.225,1800.0,0.0,10.3
1699352838.161,46.251,600.0,0.5,10.3
1699352838.666,46.251,700.0,2.0,10.3
1699352839.17,48.686,1800.0,23.3,10.0
1699352839.672,46.738,1800.0,23.6,10.3
1699352840.175,46.738,1800.0,0.0,10.3
1699352840.677,46.738,1800.0,0.0,10.2
1699352841.179,46.738,1800.0,0.5,10.2
1699352841.682,47.225,1800.0,0.0,10.2
1699352842.184,47.712,1800.0,0.5,10.2
1699352842.686,45.764,1800.0,0.0,10.2
1699352843.189,46.251,1800.0,0.0,10.2
1699352843.691,46.251,1800.0,1.0,10.2
1699352844.197,46.251,600.0,0.0,10.2
1699352844.7,45.764,1800.0,8.0,9.4
1699352845.203,47.712,1800.0,29.1,10.2
1699352845.706,47.712,1800.0,12.4,10.2
1699352846.208,47.712,1800.0,0.5,10.2
1699352846.711,46.251,1800.0,0.0,10.2
1699352847.213,47.225,1800.0,0.0,10.2
1699352847.715,48.199,1800.0,0.0,10.2
1699352848.217,45.764,1800.0,0.0,10.2
1699352848.72,46.738,1800.0,1.5,10.2
1699352849.222,46.738,1800.0,0.0,10.2
1699352849.727,46.738,700.0,0.5,10.2
1699352850.232,46.738,600.0,0.0,10.2
1699352850.735,48.199,1800.0,18.0,10.0
1699352851.238,47.712,1800.0,29.5,10.3
1699352851.74,46.738,1800.0,0.5,10.3
1699352852.243,46.738,1800.0,0.0,10.3
1699352852.745,47.225,1800.0,0.0,10.3
1699352853.247,46.251,1800.0,0.0,10.3
1699352853.749,48.199,1800.0,1.5,10.3
1699352854.252,46.251,1800.0,0.0,10.3
1699352854.754,47.225,1800.0,0.0,10.3
1699352855.256,46.738,1800.0,0.0,10.3
1699352855.762,47.225,600.0,0.5,10.3
1699352856.266,45.764,900.0,3.0,10.2
1699352856.769,47.712,1800.0,25.7,10.1
1699352857.272,47.712,1800.0,18.0,10.2
1699352857.774,47.225,1800.0,0.0,10.2
1699352858.276,47.712,1800.0,0.0,10.2
1699352858.779,47.712,1800.0,1.5,10.2
1699352859.281,47.712,1800.0,0.0,10.2
1699352859.783,47.712,1800.0,0.5,10.2
1699352860.286,47.225,1800.0,0.0,10.2
1699352860.788,46.251,1800.0,0.0,10.2
1699352861.293,47.225,700.0,0.0,10.2
1699352861.798,46.251,600.0,0.0,10.2
1699352862.301,46.738,1800.0,15.0,9.8
1699352862.803,47.712,1800.0,32.3,10.3
1699352863.306,47.712,1800.0,0.0,10.3
1699352863.808,47.225,1800.0,1.5,10.3
1699352864.311,47.712,1800.0,0.0,10.3
1699352864.813,46.738,1800.0,0.0,10.3
1699352865.315,47.712,1800.0,0.0,10.3
1699352865.817,46.251,1800.0,0.5,10.3
1699352866.32,46.738,1800.0,0.0,10.3
1699352866.822,45.764,1800.0,0.0,10.3
1699352867.327,46.738,600.0,0.5,10.3
1699352867.833,47.225,600.0,0.5,10.2
1699352868.336,47.225,1800.0,24.9,10.0
1699352868.839,48.199,1800.0,23.6,10.3
1699352869.341,47.712,1800.0,0.0,10.3
1699352869.843,47.225,1800.0,0.0,10.3
1699352870.345,46.738,1800.0,0.5,10.3
1699352870.848,47.712,1800.0,0.5,10.3
1699352871.35,47.225,1800.0,0.0,10.3
1699352871.852,47.225,1800.0,0.0,10.3
1699352872.355,47.225,1800.0,0.0,10.3
1699352872.857,46.738,1800.0,0.0,10.3
1699352873.362,46.251,600.0,0.0,10.3
1699352873.865,48.199,1800.0,15.4,9.7
1699352874.368,49.173,1800.0,34.2,10.2
1699352874.871,47.712,1800.0,0.5,10.3
1699352875.373,47.225,1800.0,0.0,10.3
1699352875.875,47.712,1800.0,0.0,10.3
1699352876.377,45.764,1800.0,0.5,10.3
1699352876.88,46.738,1800.0,0.0,10.3
1699352877.382,47.225,1800.0,0.0,10.3
1699352877.884,46.738,1800.0,0.0,10.3
1699352878.387,48.199,1800.0,0.0,10.3
1699352878.892,46.251,600.0,1.5,10.3
1699352879.398,46.738,600.0,0.0,10.3
1699352879.901,48.199,1800.0,19.4,10.0
1699352880.404,47.225,1800.0,28.9,10.3
1699352880.906,47.225,1800.0,0.0,10.3
1699352881.409,46.251,1800.0,0.0,10.3
1699352881.911,48.199,1800.0,0.0,10.3
1699352882.413,46.738,1800.0,0.0,10.3
1699352882.916,46.738,1800.0,1.0,10.3
1699352883.418,47.712,1800.0,0.0,10.3
1699352883.921,46.738,1800.0,1.5,10.3
1699352884.423,46.738,1800.0,0.0,10.3
1699352884.928,47.225,600.0,0.5,10.3
1699352885.433,46.251,900.0,4.5,9.6
1699352885.936,47.225,1800.0,25.4,10.1
1699352886.439,48.686,1800.0,17.7,10.2
1699352886.941,46.738,1800.0,0.0,10.2
1699352887.443,48.686,1800.0,0.0,10.2
1699352887.946,46.738,1800.0,0.0,10.2
1699352888.448,46.251,1800.0,0.5,10.2
1699352888.951,47.712,1800.0,1.0,10.2
1699352889.453,45.764,1800.0,0.5,10.2
1699352889.956,47.225,1800.0,0.0,10.2
1699352890.458,47.712,1800.0,0.0,10.2
1699352890.963,46.738,600.0,0.5,10.2
1699352891.466,47.225,1800.0,13.5,9.9
1699352891.969,49.173,1800.0,34.0,10.3
1699352892.471,47.712,1800.0,0.0,10.3
1699352892.974,48.199,1800.0,0.0,10.3
1699352893.476,47.225,1800.0,0.5,10.3
1699352893.979,47.712,1800.0,1.5,10.3
1699352894.481,47.225,1800.0,0.0,10.3
1699352894.983,47.225,1800.0,0.0,10.3
1699352895.486,46.738,1800.0,0.0,10.3
1699352895.988,47.225,1800.0,0.5,10.3
1699352896.493,47.712,600.0,0.0,10.3
1699352896.999,46.738,600.0,0.0,10.3
1699352897.502,46.738,1800.0,23.9,10.0
1699352898.004,47.712,1800.0,23.7,10.2
1699352898.507,47.712,1800.0,0.0,10.2
1699352899.01,47.225,1800.0,1.5,10.2
1699352899.512,48.199,1800.0,0.0,10.2
1699352900.014,47.225,1800.0,0.0,10.2
1699352900.516,46.738,1800.0,0.0,10.2
1699352901.019,47.225,1800.0,0.0,10.2
1699352901.521,47.225,1800.0,0.0,10.2
1699352902.023,47.225,1800.0,0.0,10.2
1699352902.528,46.738,600.0,1.0,10.2
1699352903.032,47.225,1800.0,8.5,9.5
1699352903.536,49.173,1800.0,30.2,10.2
1699352904.039,46.738,1800.0,11.5,10.3
1699352904.541,47.712,1800.0,0.0,10.3
1699352905.043,47.225,1800.0,0.0,10.3
1699352905.546,47.712,1800.0,1.5,10.3
1699352906.048,47.225,1800.0,0.0,10.3
1699352906.551,47.712,1800.0,0.0,10.3
1699352907.053,46.251,1800.0,0.0,10.3
1699352907.555,46.738,1800.0,0.5,10.3
1699352908.06,47.712,700.0,0.0,10.3
1699352908.566,46.738,600.0,0.5,10.3
1699352909.069,47.225,1800.0,19.4,9.9
1699352909.571,47.712,1800.0,29.5,10.3
1699352910.074,47.712,1800.0,0.0,10.3
1699352910.576,47.225,1800.0,0.5,10.3
1699352911.078,47.712,1800.0,0.0,10.3
1699352911.581,46.738,1800.0,0.0,10.3
1699352912.083,47.225,1800.0,0.0,10.3
1699352912.585,47.712,1800.0,0.0,10.3
1699352913.087,47.225,1800.0,0.0,10.3
1699352913.593,47.225,1800.0,0.5,10.3
1699352914.099,47.225,600.0,1.0,10.3
1699352914.602,46.251,1800.0,4.0,10.1
1699352915.105,48.686,1800.0,25.4,10.2
1699352915.608,48.199,1800.0,18.5,10.3
1699352916.11,47.712,1800.0,0.0,10.3
1699352916.612,48.199,1800.0,0.5,10.3
1699352917.115,47.712,1800.0,0.0,10.3
1699352917.617,47.225,1800.0,0.0,10.3
1699352918.12,47.225,1800.0,0.0,10.3
1699352918.622,47.225,1800.0,1.0,10.3
1699352919.124,46.738,1800.0,0.5,10.3
1699352919.629,47.225,700.0,0.5,10.3
1699352920.135,46.738,600.0,0.0,10.3
1699352920.638,48.199,1800.0,13.6,9.9
1699352921.141,48.199,1800.0,34.0,10.3
1699352921.643,46.738,1800.0,1.0,10.3
1699352922.146,47.225,1800.0,0.5,10.3
1699352922.648,47.225,1800.0,0.0,10.3
1699352923.15,46.738,1800.0,0.0,10.3
1699352923.653,48.199,1800.0,2.0,10.3
1699352924.155,47.225,1800.0,0.0,10.3
1699352924.657,46.738,1800.0,0.0,10.3
1699352925.159,47.225,1800.0,0.0,10.3
1699352925.664,47.712,700.0,0.5,10.3
1699352926.169,47.712,600.0,0.0,10.3
1699352926.673,47.712,1800.0,22.0,10.0
1699352927.175,47.712,1800.0,25.0,10.2
1699352927.678,46.738,1800.0,0.0,10.2
1699352928.18,47.225,1800.0,0.0,10.2
1699352928.683,46.738,1800.0,1.0,10.2
1699352929.185,46.738,1800.0,0.0,10.2
1699352929.687,46.738,1800.0,0.0,10.2
1699352930.189,48.199,1800.0,0.5,10.2
1699352930.692,46.738,1800.0,0.5,10.2
1699352931.194,46.738,1800.0,0.0,10.2
1699352931.699,46.251,600.0,0.0,10.2
1699352932.202,47.712,1800.0,8.5,9.7
1699352932.706,47.225,1800.0,32.5,10.1
1699352933.209,47.225,1800.0,6.5,10.2
1699352933.711,47.712,1800.0,0.5,10.2
1699352934.213,46.738,1800.0,0.5,10.2
1699352934.716,47.712,1800.0,0.5,10.2
1699352935.218,47.225,1800.0,0.0,10.2
1699352935.72,47.712,1800.0,0.0,10.2
1699352936.223,46.251,1800.0,0.0,10.2
1699352936.725,47.225,1800.0,0.0,10.2
1699352937.23,47.225,600.0,0.5,10.2
1699352937.736,46.738,600.0,0.0,10.2
1699352938.239,48.199,1800.0,14.4,9.8
1699352938.741,48.686,1800.0,34.7,10.2
1699352939.244,48.199,1800.0,0.5,10.2
1699352939.746,47.225,1800.0,0.0,10.2
1699352940.249,46.738,1800.0,0.0,10.2
1699352940.751,46.738,1800.0,0.0,10.2
1699352941.254,47.225,1800.0,0.5,10.2
1699352941.756,46.251,1800.0,0.5,10.2
1699352942.258,47.712,1800.0,0.0,10.2
1699352942.761,48.199,1800.0,0.0,10.2
1699352943.265,46.251,700.0,0.0,10.2
1699352943.77,46.251,700.0,2.0,10.2
1699352944.273,48.199,1800.0,10.6,9.8
1699352944.776,47.712,1800.0,33.8,10.3
1699352945.279,48.199,1800.0,3.0,10.3
1699352945.781,47.712,1800.0,0.0,10.3
1699352946.283,47.712,1800.0,0.0,10.3
1699352946.786,47.225,1800.0,0.0,10.3
1699352947.288,46.738,1800.0,0.5,10.3
1699352947.791,47.225,1800.0,0.0,10.3
1699352948.293,47.712,1800.0,0.0,10.3
1699352948.795,47.225,1800.0,1.5,10.3
1699352949.3,47.225,700.0,0.0,10.3
1699352949.806,46.251,600.0,0.0,10.3
1699352950.309,47.225,1800.0,18.4,10.0
1699352950.812,48.199,1800.0,28.9,10.3
1699352951.314,47.712,1800.0,0.0,10.3
1699352951.816,46.738,1800.0,0.5,10.3
1699352952.318,47.712,1800.0,0.0,10.3
1699352952.821,47.225,1800.0,0.0,10.3
1699352953.323,47.712,1800.0,0.0,10.3
1699352953.826,47.225,1800.0,1.0,10.3
1699352954.328,47.225,1800.0,0.5,10.3
1699352954.83,46.738,1800.0,0.0,10.3
1699352955.335,47.225,600.0,0.0,10.3
1699352955.839,47.225,1800.0,4.5,9.3
1699352956.341,48.686,1800.0,24.9,10.2
1699352956.844,47.712,1800.0,17.1,10.3
1699352957.347,47.225,1800.0,0.0,10.3
1699352957.849,47.225,1800.0,0.0,10.3
1699352958.351,47.712,1800.0,0.0,10.3
1699352958.854,47.225,1800.0,1.5,10.3
1699352959.356,47.712,1800.0,0.5,10.3
1699352959.858,47.712,1800.0,0.0,10.3
1699352960.361,47.225,1800.0,0.0,10.3
1699352960.865,46.251,700.0,0.5,10.3
1699352961.37,47.712,600.0,0.0,10.3
1699352961.873,47.225,1800.0,14.1,9.9
1699352962.376,47.225,1800.0,33.7,10.2
1699352962.878,47.225,1800.0,0.0,10.2
1699352963.381,47.712,1800.0,0.5,10.2
1699352963.883,46.251,1800.0,1.0,10.2
1699352964.386,47.225,1800.0,0.5,10.2
1699352964.888,47.712,1800.0,0.0,10.2
1699352965.39,47.225,1800.0,1.0,10.2
1699352965.893,47.225,1800.0,0.5,10.2
1699352966.395,47.225,1800.0,0.0,10.2
1699352966.9,46.738,600.0,0.0,10.2
1699352967.406,45.764,600.0,0.5,10.2
1699352967.91,47.712,1800.0,24.0,10.0
1699352968.413,47.712,1800.0,23.5,10.2
1699352968.915,47.712,1800.0,1.0,10.2
1699352969.417,47.712,1800.0,0.0,10.2
1699352969.92,46.738,1800.0,0.5,10.2
1699352970.422,47.225,1800.0,0.0,10.2
1699352970.924,47.712,1800.0,0.0,10.2
1699352971.427,47.225,1800.0,0.0,10.2
1699352971.929,46.251,1800.0,0.0,10.2
1699352972.431,46.738,1800.0,0.0,10.2
1699352972.936,47.712,600.0,0.5,10.2
1699352973.439,46.738,1800.0,9.5,9.7
1699352973.942,48.686,1800.0,34.2,10.2
1699352974.445,47.712,1800.0,4.0,10.3
1699352974.947,46.738,1800.0,0.0,10.3
1699352975.45,47.712,1800.0,0.0,10.3
1699352975.952,47.712,1800.0,0.0,10.3
1699352976.454,46.738,1800.0,0.0,10.3
1699352976.957,46.738,1800.0,0.5,10.3
1699352977.459,47.712,1800.0,0.0,10.3
1699352977.961,46.738,1800.0,0.0,10.3
1699352978.466,47.225,600.0,0.0,10.3
1699352978.972,48.199,600.0,1.5,10.3
1699352979.475,47.225,1800.0,15.9,9.9
1699352979.978,46.738,1800.0,30.7,10.3
1699352980.48,47.712,1800.0,0.5,10.3
1699352980.982,47.225,1800.0,0.0,10.3
1699352981.485,47.225,1800.0,0.0,10.3
1699352981.987,46.738,1800.0,0.0,10.3
1699352982.489,48.199,1800.0,0.0,10.3
1699352982.991,48.686,1800.0,0.0,10.3
1699352983.494,47.712,1800.0,0.0,10.3
1699352983.996,47.712,1800.0,1.0,10.3
1699352984.504,47.225,600.0,0.5,10.3
1699352985.011,47.225,600.0,2.5,10.2
1699352985.514,48.199,1800.0,25.4,10.1
1699352986.017,48.686,1800.0,19.1,10.3
1699352986.519,47.225,1800.0,0.0,10.3
1699352987.021,47.712,1800.0,0.0,10.3
1699352987.524,47.712,1800.0,0.0,10.3
1699352988.026,46.738,1800.0,0.0,10.3
1699352988.528,47.225,1800.0,0.0,10.3
1699352989.031,47.712,1800.0,1.5,10.3
1699352989.533,46.738,1800.0,0.0,10.3
1699352990.036,46.738,1800.0,0.0,10.3
1699352990.541,46.738,600.0,0.5,10.3
1699352991.044,48.686,1800.0,13.5,9.8
1699352991.546,48.199,1800.0,32.7,10.3
1699352992.049,48.199,1800.0,0.0,10.3
1699352992.551,47.225,1800.0,0.0,10.3
1699352993.053,46.251,1800.0,0.5,10.3
1699352993.556,47.712,1800.0,0.0,10.3
1699352994.058,47.712,1800.0,1.5,10.3
1699352994.561,47.225,1800.0,0.0,10.3
1699352995.063,47.225,1800.0,0.0,10.3
1699352995.565,48.199,1800.0,0.5,10.3
1699352996.07,46.738,600.0,0.5,10.3
1699352996.576,46.738,600.0,0.0,10.3
1699352997.079,46.738,1800.0,24.0,10.0
1699352997.581,47.712,1800.0,23.2,10.2
1699352998.084,47.712,1800.0,0.5,10.2
1699352998.586,46.738,1800.0,0.0,10.2
1699352999.089,47.712,1800.0,1.0,10.2
1699352999.591,46.738,1800.0,0.0,10.2
1699353000.093,47.225,1800.0,0.5,10.2
1699353000.596,47.225,1800.0,0.0,10.2
1699353001.098,48.199,1800.0,0.5,10.2
1699353001.601,47.712,1800.0,0.0,10.2
1699353002.106,47.225,600.0,0.0,10.2
1699353002.609,46.251,1800.0,9.5,9.7
1699353003.113,47.712,1800.0,31.3,10.2
1699353003.616,47.225,1800.0,8.5,10.3
1699353004.118,48.686,1800.0,1.0,10.3
1699353004.62,48.199,1800.0,0.5,10.3
1699353005.123,47.225,1800.0,0.0,10.3
1699353005.625,47.712,1800.0,0.0,10.3
1699353006.127,47.712,1800.0,0.0,10.3
1699353006.63,48.686,1800.0,0.0,10.3
1699353007.132,47.225,1800.0,0.0,10.3
1699353007.637,46.738,700.0,0.5,10.3
1699353008.142,47.225,600.0,0.0,10.3
1699353008.645,47.712,1800.0,14.4,9.9
1699353009.166,47.712,1800.0,33.0,10.3
1699353009.668,47.225,1800.0,0.5,10.3
1699353010.171,46.251,1800.0,0.0,10.3
1699353010.673,47.225,1800.0,0.0,10.3
1699353011.175,47.712,1800.0,0.0,10.3
1699353011.677,46.251,1800.0,0.0,10.3
1699353012.18,46.251,1800.0,0.0,10.3
1699353012.682,46.738,1800.0,0.0,10.3
1699353013.184,48.199,1800.0,0.5,10.3
1699353013.69,46.738,600.0,1.5,10.3
1699353014.195,48.199,600.0,0.5,10.3
1699353014.698,48.199,1800.0,20.5,10.0
1699353015.201,47.225,1800.0,26.0,10.3
1699353015.703,47.712,1800.0,0.0,10.3
1699353016.206,48.199,1800.0,0.0,10.3
1699353016.708,47.712,1800.0,0.0,10.3
1699353017.21,47.712,1800.0,0.0,10.3
1699353017.713,47.225,1800.0,0.0,10.3
1699353018.215,47.712,1800.0,0.0,10.3
1699353018.717,48.686,1800.0,1.5,10.3
1699353019.22,47.225,1800.0,0.0,10.3
1699353019.725,47.225,600.0,0.0,10.3
1699353020.229,47.225,1800.0,7.4,9.5
1699353020.733,48.686,1800.0,29.7,10.2
1699353021.235,48.199,1800.0,10.1,10.3
1699353021.738,47.712,1800.0,0.0,10.3
1699353022.24,47.225,1800.0,0.0,10.3
1699353022.743,47.225,1800.0,0.0,10.3
1699353023.245,47.225,1800.0,0.0,10.3
1699353023.748,46.738,1800.0,1.5,10.3
1699353024.25,48.199,1800.0,0.0,10.3
1699353024.752,46.738,1800.0,0.0,10.3
1699353025.26,47.712,700.0,2.5,10.3
1699353025.765,46.738,600.0,0.5,10.3
1699353026.268,48.199,1800.0,18.8,9.9
1699353026.771,48.686,1800.0,28.9,10.3
1699353027.273,47.712,1800.0,0.0,10.3
1699353027.775,47.712,1800.0,0.5,10.3
1699353028.28,47.225,1800.0,0.5,10.3
1699353028.783,48.199,1800.0,1.0,10.3
1699353029.285,47.712,1800.0,0.0,10.3
1699353029.788,47.225,1800.0,0.0,10.3
1699353030.29,47.225,1800.0,0.0,10.3
1699353030.792,46.738,1800.0,0.5,10.3
1699353031.297,47.712,600.0,0.0,10.3
1699353031.804,47.225,800.0,3.5,10.2
1699353032.307,47.225,1800.0,25.4,10.1
1699353032.81,48.686,1800.0,19.5,10.3
1699353033.312,47.225,1800.0,0.5,10.3
1699353033.815,47.225,1800.0,1.0,10.3
1699353034.317,48.199,1800.0,0.0,10.3
1699353034.819,46.251,1800.0,0.5,10.3
1699353035.322,46.738,1800.0,0.0,10.3
1699353035.824,47.225,1800.0,0.5,10.3
1699353036.326,47.712,1800.0,0.0,10.3
1699353036.829,47.225,1800.0,0.0,10.3
1699353037.334,46.738,600.0,0.0,10.3
1699353037.837,46.738,1800.0,8.0,9.7
1699353038.341,48.199,1800.0,32.7,10.3
1699353038.844,48.686,1800.0,8.5,10.3
1699353039.346,48.199,1800.0,0.0,10.3
1699353039.848,48.199,1800.0,0.0,10.3
1699353040.35,48.199,1800.0,0.0,10.3
1699353040.853,47.225,1800.0,0.0,10.3
1699353041.355,46.738,1800.0,0.0,10.3
1699353041.857,47.712,1800.0,0.0,10.3
1699353042.359,48.199,1800.0,0.5,10.3
1699353042.864,47.712,700.0,0.0,10.3
1699353043.369,46.738,600.0,0.0,10.3
1699353043.872,48.686,1800.0,20.7,10.0
1699353044.375,47.712,1800.0,27.4,10.3
1699353044.878,47.712,1800.0,0.5,10.3
1699353045.38,47.225,1800.0,0.0,10.3
1699353045.882,48.199,1800.0,0.0,10.3
1699353046.384,46.738,1800.0,0.0,10.3
1699353046.887,47.225,1800.0,0.0,10.3
1699353047.389,46.738,1800.0,0.0,10.3
1699353047.891,47.225,1800.0,0.0,10.3
1699353048.393,47.225,1800.0,0.0,10.3
1699353048.899,48.199,600.0,1.5,10.3
1699353049.402,46.738,1800.0,4.5,9.2
1699353049.904,49.173,1800.0,25.2,10.1
1699353050.407,47.225,1800.0,16.6,10.3
1699353050.909,47.712,1800.0,0.0,10.3
1699353051.412,47.225,1800.0,0.0,10.3
1699353051.914,47.712,1800.0,0.0,10.3
1699353052.416,47.225,1800.0,0.5,10.3
1699353052.918,47.225,1800.0,0.0,10.3
1699353053.421,46.738,1800.0,0.0,10.3
1699353053.923,47.225,1800.0,2.5,10.3
1699353054.428,46.251,700.0,0.5,10.3
1699353054.933,46.738,600.0,0.0,10.3
1699353055.436,48.199,1800.0,15.5,10.0
1699353055.939,47.225,1800.0,31.0,10.3
1699353056.441,47.712,1800.0,0.5,10.3
1699353056.944,47.225,1800.0,0.5,10.3
1699353057.446,46.738,1800.0,0.0,10.3
1699353057.948,48.199,1800.0,0.0,10.3
1699353058.451,47.225,1800.0,0.0,10.3
1699353058.953,47.712,1800.0,0.5,10.3
1699353059.456,47.712,1800.0,0.5,10.3
1699353059.958,46.738,1800.0,0.0,10.3
1699353060.463,47.712,600.0,0.5,10.3
1699353060.969,46.251,600.0,0.0,10.2
1699353061.472,47.225,1800.0,26.4,10.1
1699353061.975,47.712,1800.0,22.2,10.3
1699353062.477,47.712,1800.0,0.0,10.3
1699353062.979,48.199,1800.0,0.5,10.3
1699353063.482,47.712,1800.0,0.0,10.3
1699353063.984,47.712,1800.0,1.5,10.3
1699353064.487,47.225,1800.0,0.0,10.3
1699353064.989,46.738,1800.0,0.0,10.3
1699353065.492,47.225,1800.0,0.0,10.3
1699353065.994,48.199,1800.0,0.0,10.3
1699353066.499,46.738,600.0,0.5,10.3
1699353067.002,47.225,1800.0,6.0,9.3
1699353067.506,48.199,1800.0,25.4,10.2
1699353068.008,47.712,1800.0,17.5,10.3
1699353068.511,47.712,1800.0,0.0,10.3
1699353069.013,48.686,1800.0,1.0,10.3
1699353069.515,47.712,1800.0,0.0,10.3
1699353070.018,48.199,1800.0,0.5,10.3
1699353070.52,47.712,1800.0,0.5,10.3
1699353071.022,48.199,1800.0,0.0,10.3
1699353071.524,47.225,1800.0,0.0,10.3
1699353072.029,46.738,700.0,0.0,10.3
1699353072.534,47.225,600.0,0.0,10.3
1699353073.037,47.225,1800.0,14.9,9.9
1699353073.54,48.199,1800.0,34.2,10.3
1699353074.042,47.712,1800.0,1.0,10.3
1699353074.544,47.225,1800.0,0.0,10.3
1699353075.047,47.225,1800.0,0.0,10.3
1699353075.549,47.712,1800.0,0.0,10.3
1699353076.051,47.712,1800.0,0.5,10.3
1699353076.554,47.225,1800.0,0.0,10.3
1699353077.056,46.738,1800.0,0.5,10.3
1699353077.558,47.712,1800.0,0.0,10.3
1699353078.062,47.712,700.0,0.5,10.3
1699353078.568,47.712,600.0,0.0,10.2
1699353079.071,47.225,1800.0,26.0,10.1
1699353079.574,47.225,1800.0,23.4,10.3
1699353080.076,48.199,1800.0,0.0,10.3
1699353080.579,47.225,1800.0,0.0,10.3
1699353081.081,47.712,1800.0,0.0,10.3
1699353081.583,47.225,1800.0,0.0,10.3
1699353082.086,47.225,1800.0,0.5,10.3
1699353082.588,48.686,1800.0,0.0,10.3
1699353083.09,46.738,1800.0,0.0,10.3
1699353083.593,46.251,1800.0,0.0,10.3
1699353084.098,47.225,600.0,2.0,10.3
1699353084.601,47.712,1800.0,9.9,9.8
1699353085.104,49.66,1800.0,34.2,10.3
1699353085.606,48.199,1800.0,4.5,10.3
1699353086.109,46.738,1800.0,0.0,10.3
1699353086.611,47.712,1800.0,0.0,10.3
1699353087.114,47.225,1800.0,0.0,10.3
1699353087.616,47.712,1800.0,0.5,10.3
1699353088.118,46.251,1800.0,0.0,10.3
1699353088.621,46.738,1800.0,0.0,10.3
1699353089.123,48.686,1800.0,1.5,10.3
1699353089.628,47.712,600.0,0.5,10.3
1699353090.134,46.738,600.0,0.0,10.3
1699353090.637,49.173,1800.0,20.0,10.1
1699353091.14,47.712,1800.0,26.6,10.3
1699353091.642,48.199,1800.0,0.0,10.3
1699353092.144,47.225,1800.0,0.0,10.3
1699353092.647,46.738,1800.0,0.0,10.3
1699353093.149,47.225,1800.0,0.0,10.3
1699353093.651,47.712,1800.0,0.0,10.3
1699353094.154,47.712,1800.0,1.5,10.3
1699353094.656,47.225,1800.0,0.5,10.3
1699353095.158,47.712,1800.0,0.0,10.3
1699353095.663,46.251,600.0,0.5,10.3
1699353096.168,47.225,1200.0,6.0,9.3
1699353096.671,47.712,1800.0,25.0,10.1
1699353097.174,48.199,1800.0,16.9,10.2
1699353097.676,47.712,1800.0,0.5,10.2
1699353098.179,47.712,1800.0,0.0,10.2
1699353098.681,47.712,1800.0,0.0,10.2
1699353099.183,48.199,1800.0,1.0,10.2
1699353099.686,46.738,1800.0,0.0,10.2
1699353100.188,47.712,1800.0,0.0,10.2
1699353100.69,47.225,1800.0,0.5,10.2
1699353101.192,46.738,1800.0,0.5,10.2
1699353101.697,47.225,600.0,0.0,10.2
1699353102.204,46.251,600.0,4.5,9.9
1699353102.707,47.712,1800.0,25.4,10.1
1699353103.21,48.199,1800.0,18.4,10.2
1699353103.712,47.712,1800.0,0.5,10.2
1699353104.215,47.712,1800.0,0.5,10.2
1699353104.717,48.199,1800.0,0.5,10.2
1699353105.219,47.712,1800.0,0.0,10.2
1699353105.722,47.225,1800.0,0.0,10.2
1699353106.224,47.225,1800.0,0.0,10.2
1699353106.726,47.225,1800.0,0.0,10.2
1699353107.231,46.738,700.0,0.0,10.2
1699353107.736,47.225,600.0,0.5,10.2
1699353108.239,48.199,1800.0,15.4,9.8
1699353108.741,48.686,1800.0,33.2,10.2
1699353109.243,48.199,1800.0,0.5,10.2
1699353109.746,46.738,1800.0,0.0,10.2
1699353110.248,47.712,1800.0,0.0,10.2
1699353110.75,47.712,1800.0,0.0,10.2
1699353111.253,47.712,1800.0,0.5,10.2
1699353111.755,46.251,1800.0,0.0,10.2
1699353112.257,47.225,1800.0,0.0,10.2
1699353112.759,47.225,1800.0,0.0,10.2
1699353113.264,47.225,600.0,0.5,10.2
1699353113.772,46.251,600.0,2.0,10.2
1699353114.275,47.225,1800.0,24.6,10.1
1699353114.778,47.712,1800.0,21.9,10.2
1699353115.28,47.712,1800.0,0.0,10.2
1699353115.783,47.712,1800.0,0.0,10.2
1699353116.285,47.712,1800.0,0.0,10.2
1699353116.787,47.712,1800.0,0.0,10.2
1699353117.289,48.199,1800.0,0.0,10.2
1699353117.792,47.225,1800.0,0.0,10.2
1699353118.294,47.225,1800.0,0.5,10.2
1699353118.796,47.225,1800.0,3.5,10.2
1699353119.302,47.225,600.0,0.0,10.2
1699353119.805,48.199,1800.0,7.5,9.7
1699353120.309,48.199,1800.0,31.8,10.3
1699353120.811,48.199,1800.0,7.5,10.3
1699353121.314,47.225,1800.0,0.0,10.3
1699353121.816,47.712,1800.0,0.5,10.3
1699353122.318,48.199,1800.0,0.0,10.3
1699353122.821,47.225,1800.0,0.5,10.3
1699353123.323,46.738,1800.0,0.0,10.3
1699353123.825,47.225,1800.0,1.0,10.3
1699353124.328,47.225,1800.0,0.0,10.3
1699353124.834,47.712,600.0,0.5,10.3
1699353125.386,45.764,600.0,0.5,10.3
1699353125.889,48.686,1800.0,21.0,10.1
1699353126.392,47.225,1800.0,25.1,10.3
1699353126.894,47.712,1800.0,0.0,10.3
1699353127.397,47.225,1800.0,0.0,10.3
1699353127.899,46.738,1800.0,0.0,10.3
1699353128.401,46.738,1800.0,0.5,10.3
1699353128.904,48.199,1800.0,1.5,10.3
1699353129.406,47.225,1800.0,0.0,10.3
1699353129.908,46.251,1800.0,0.0,10.3
1699353130.411,47.712,1800.0,0.0,10.3
1699353130.916,48.199,600.0,0.0,10.3
1699353131.42,46.738,900.0,6.9,9.3
1699353131.924,47.712,1800.0,25.2,10.1
1699353132.427,47.712,1800.0,17.6,10.3
1699353132.929,47.225,1800.0,0.0,10.3
1699353133.432,47.712,1800.0,0.5,10.3
1699353133.934,48.199,1800.0,0.5,10.3
1699353134.437,48.199,1800.0,0.5,10.3
1699353134.939,46.738,1800.0,0.0,10.3
1699353135.441,47.225,1800.0,0.0,10.3
1699353135.943,46.738,1800.0,0.0,10.3
1699353136.446,46.738,1800.0,0.0,10.3
1699353136.951,47.225,600.0,0.5,10.3
1699353137.453,47.225,1800.0,14.5,9.8
1699353137.956,48.199,1800.0,32.2,10.2
1699353138.459,48.199,1800.0,0.0,10.2
1699353138.961,47.225,1800.0,1.0,10.2
1699353139.463,47.712,1800.0,0.5,10.2
1699353139.966,47.712,1800.0,0.0,10.2
1699353140.468,47.712,1800.0,0.0,10.2
1699353140.97,47.712,1800.0,0.0,10.2
1699353141.472,47.225,1800.0,0.0,10.2
1699353141.975,46.251,1800.0,0.0,10.2
1699353142.48,47.225,600.0,0.5,10.2
1699353142.989,45.764,600.0,1.0,10.2
1699353143.492,48.686,1800.0,25.4,10.1
1699353143.995,48.686,1800.0,22.0,10.3
1699353144.497,48.199,1800.0,0.0,10.3
1699353144.999,47.225,1800.0,0.5,10.3
1699353145.502,47.225,1800.0,0.5,10.3
1699353146.004,47.225,1800.0,0.0,10.3
1699353146.507,48.199,1800.0,0.5,10.3
1699353147.009,47.712,1800.0,0.0,10.3
1699353147.511,47.712,1800.0,0.0,10.3
1699353148.014,47.712,1800.0,0.0,10.3
1699353148.519,47.225,600.0,0.0,10.3
1699353149.022,47.712,1800.0,12.9,9.8
1699353149.525,48.199,1800.0,34.3,10.2
1699353150.027,47.225,1800.0,2.0,10.3
1699353150.529,47.712,1800.0,0.5,10.3
1699353151.032,47.712,1800.0,0.5,10.3
1699353151.534,47.712,1800.0,0.0,10.3
1699353152.036,48.199,1800.0,0.0,10.3
1699353152.539,47.712,1800.0,0.0,10.3
1699353153.041,48.199,1800.0,0.0,10.3
1699353153.543,47.712,1800.0,0.0,10.3
1699353154.048,47.225,700.0,1.5,10.3
1699353154.554,46.738,600.0,0.0,10.3
1699353155.057,48.199,1800.0,21.5,10.0
1699353155.56,47.712,1800.0,25.6,10.2
1699353156.062,47.225,1800.0,0.0,10.2
1699353156.564,47.712,1800.0,0.0,10.2
1699353157.067,46.738,1800.0,0.0,10.2
1699353157.569,48.199,1800.0,0.0,10.2
1699353158.072,48.199,1800.0,0.5,10.2
1699353158.574,46.251,1800.0,0.0,10.2
1699353159.077,47.712,1800.0,1.5,10.3
1699353159.579,47.712,1800.0,0.0,10.3
1699353160.084,47.225,600.0,0.0,10.3
1699353160.588,47.712,1200.0,5.0,9.2
1699353161.091,47.225,1800.0,25.4,10.1
1699353161.594,46.738,1800.0,18.1,10.3
1699353162.096,48.199,1800.0,0.5,10.3
1699353162.599,47.225,1800.0,0.0,10.3
1699353163.101,46.738,1800.0,0.0,10.3
1699353163.603,47.712,1800.0,0.0,10.3
1699353164.106,48.199,1800.0,1.0,10.3
1699353164.608,47.225,1800.0,0.0,10.3
1699353165.11,47.225,1800.0,0.0,10.3
1699353165.612,47.225,1800.0,0.5,10.3
1699353166.118,47.225,600.0,0.5,10.3
1699353166.621,47.712,1800.0,14.4,9.9
1699353167.123,48.199,1800.0,33.7,10.3
1699353167.626,47.712,1800.0,0.0,10.3
1699353168.128,47.712,1800.0,0.0,10.3
1699353168.63,46.738,1800.0,0.0,10.3
1699353169.133,47.712,1800.0,1.5,10.3
1699353169.635,47.225,1800.0,0.0,10.3
1699353170.137,47.225,1800.0,0.0,10.3
1699353170.64,47.712,1800.0,0.0,10.3
1699353171.142,48.199,1800.0,0.0,10.3
1699353171.647,47.225,600.0,0.5,10.3
1699353172.153,47.225,600.0,1.0,10.3
1699353172.656,48.199,1800.0,23.5,10.1
1699353173.159,47.712,1800.0,22.6,10.3
1699353173.661,48.686,1800.0,0.5,10.3
1699353174.164,46.738,1800.0,0.5,10.3
1699353174.666,47.712,1800.0,0.0,10.3
1699353175.168,47.712,1800.0,0.5,10.3
1699353175.671,47.225,1800.0,0.0,10.3
1699353176.173,47.712,1800.0,0.0,10.3
1699353176.675,46.738,1800.0,0.0,10.3
1699353177.177,46.251,1800.0,0.5,10.3
1699353177.682,47.225,600.0,0.0,10.3
1699353178.185,47.712,1800.0,9.9,9.7
1699353178.689,47.225,1800.0,32.8,10.2
1699353179.192,47.225,1800.0,6.5,10.3
1699353179.694,47.712,1800.0,0.5,10.3
1699353180.196,47.225,1800.0,0.5,10.3
1699353180.699,48.199,1800.0,0.0,10.3
1699353181.201,47.712,1800.0,0.0,10.3
1699353181.703,47.712,1800.0,0.5,10.3
1699353182.206,47.712,1800.0,0.0,10.3
1699353182.708,47.712,1800.0,0.5,10.3
1699353183.213,46.738,700.0,0.0,10.3
1699353183.719,46.738,600.0,0.5,10.3
1699353184.221,47.712,1800.0,17.9,10.0
1699353184.724,48.199,1800.0,30.0,10.3
1699353185.227,46.738,1800.0,0.0,10.3
1699353185.729,47.712,1800.0,0.0,10.3
1699353186.231,47.712,1800.0,0.5,10.3
1699353186.734,47.712,1800.0,0.0,10.3
1699353187.236,47.712,1800.0,0.0,10.3
1699353187.739,47.712,1800.0,0.0,10.3
1699353188.241,47.225,1800.0,0.0,10.3
1699353188.743,47.712,1800.0,0.0,10.3
1699353189.249,47.712,600.0,1.5,10.3
1699353189.754,47.225,600.0,0.5,10.3
1699353190.257,47.712,1800.0,11.0,9.7
1699353190.76,49.173,1800.0,34.0,10.2
1699353191.262,48.199,1800.0,3.0,10.3
1699353191.765,47.225,1800.0,0.0,10.3
1699353192.267,47.712,1800.0,0.0,10.3
1699353192.769,47.712,1800.0,0.5,10.3
1699353193.272,47.712,1800.0,0.0,10.3
1699353193.774,48.199,1800.0,0.5,10.3
1699353194.276,47.225,1800.0,0.5,10.3
1699353194.779,47.712,1800.0,0.0,10.3
1699353195.284,47.225,600.0,0.5,10.3
1699353195.789,46.251,600.0,0.5,10.3
1699353196.292,47.712,1800.0,20.5,9.9
1699353196.795,47.712,1800.0,26.6,10.2
1699353197.297,47.225,1800.0,0.5,10.2
1699353197.8,47.712,1800.0,0.0,10.2
1699353198.302,47.712,1800.0,0.0,10.2
1699353198.805,47.712,1800.0,2.0,10.2
1699353199.307,46.738,1800.0,0.0,10.2
1699353199.81,47.225,1800.0,0.0,10.2
1699353200.312,47.712,1800.0,0.0,10.2
1699353200.814,47.712,1800.0,0.0,10.2
1699353201.319,46.738,600.0,0.5,10.2
1699353201.826,47.712,600.0,4.0,10.1
1699353202.329,48.199,1800.0,25.4,10.1
1699353202.832,47.712,1800.0,18.5,10.3
1699353203.334,47.712,1800.0,0.0,10.3
1699353203.836,48.199,1800.0,1.0,10.3
1699353204.339,47.712,1800.0,0.0,10.3
1699353204.841,48.199,1800.0,0.0,10.3
1699353205.344,47.225,1800.0,1.5,10.3
1699353205.846,47.712,1800.0,0.5,10.3
1699353206.348,48.199,1800.0,0.0,10.3
1699353206.851,47.712,1800.0,0.5,10.3
1699353207.357,48.199,600.0,0.0,10.3
1699353207.86,47.225,1800.0,14.9,9.8
1699353208.362,47.712,1800.0,33.3,10.3
1699353208.865,47.712,1800.0,1.0,10.3
1699353209.367,47.712,1800.0,0.0,10.3
1699353209.869,46.738,1800.0,0.0,10.3
1699353210.372,48.686,1800.0,0.5,10.3
1699353210.874,47.712,1800.0,0.0,10.3
1699353211.376,47.225,1800.0,0.5,10.3
1699353211.878,47.712,1800.0,0.0,10.3
1699353212.381,48.199,1800.0,0.0,10.3
1699353212.886,47.225,600.0,0.0,10.3
1699353213.391,48.199,600.0,1.0,10.3
1699353213.894,47.712,1800.0,24.0,10.0
1699353214.397,48.199,1800.0,24.5,10.2
1699353214.899,47.712,1800.0,0.0,10.2
1699353215.401,47.225,1800.0,0.5,10.2
1699353215.904,47.712,1800.0,0.0,10.2
1699353216.406,46.738,1800.0,0.0,10.2
1699353216.908,47.712,1800.0,0.0,10.2
1699353217.411,47.712,1800.0,0.5,10.2
1699353217.913,48.199,1800.0,0.0,10.2
1699353218.415,46.738,1800.0,0.5,10.2
1699353218.92,48.199,700.0,1.5,10.2
1699353219.423,47.225,1800.0,5.5,9.3
1699353219.926,47.712,1800.0,26.4,10.1
1699353220.429,48.199,1800.0,15.1,10.3
1699353220.931,47.712,1800.0,0.0,10.3
1699353221.433,47.225,1800.0,0.5,10.3
1699353221.936,48.199,1800.0,0.0,10.3
1699353222.438,47.712,1800.0,0.0,10.3
1699353222.94,47.712,1800.0,0.5,10.3
1699353223.442,47.712,1800.0,0.0,10.3
1699353223.945,48.199,1800.0,1.0,10.3
1699353224.45,47.225,700.0,0.0,10.3
1699353224.955,47.712,600.0,0.5,10.3
1699353225.458,46.738,1800.0,16.4,9.9
1699353225.96,48.199,1800.0,32.5,10.2
1699353226.463,48.199,1800.0,0.0,10.2
1699353226.965,47.225,1800.0,0.0,10.2
1699353227.467,47.712,1800.0,0.0,10.2
1699353227.97,48.199,1800.0,0.0,10.2
1699353228.472,48.199,1800.0,0.5,10.2
1699353228.974,47.225,1800.0,0.5,10.2
1699353229.477,48.199,1800.0,0.5,10.2
1699353229.979,47.712,1800.0,0.0,10.2
1699353230.484,47.712,600.0,0.0,10.2
1699353230.993,47.225,600.0,1.5,10.2
1699353231.497,47.712,1800.0,25.4,10.1
1699353231.999,47.225,1800.0,21.5,10.3
1699353232.501,47.225,1800.0,0.5,10.3
1699353233.004,48.199,1800.0,0.0,10.3
1699353233.506,46.251,1800.0,0.0,10.3
1699353234.008,47.225,1800.0,1.5,10.3
1699353234.511,47.712,1800.0,0.0,10.3
1699353235.013,48.199,1800.0,0.0,10.3
1699353235.515,47.225,1800.0,0.0,10.3
1699353236.017,47.225,1800.0,0.5,10.3
1699353236.522,47.225,600.0,0.0,10.3
1699353237.025,47.712,1800.0,10.5,9.8
1699353237.528,47.712,1800.0,34.3,10.2
1699353238.03,47.712,1800.0,2.0,10.3
1699353238.533,48.199,1800.0,0.0,10.3
1699353239.036,47.712,1800.0,1.0,10.3
1699353239.538,47.712,1800.0,0.0,10.3
1699353240.04,47.712,1800.0,0.5,10.3
1699353240.542,47.225,1800.0,0.0,10.3
1699353241.045,47.225,1800.0,1.0,10.3
1699353241.547,47.225,1800.0,0.0,10.3
1699353242.052,47.225,600.0,0.5,10.3
1699353242.558,47.712,600.0,0.5,10.3
1699353243.061,47.712,1800.0,20.4,10.0
1699353243.564,47.225,1800.0,27.6,10.3
1699353244.066,47.712,1800.0,1.0,10.3
1699353244.569,48.199,1800.0,0.0,10.3
1699353245.071,47.712,1800.0,0.0,10.3
1699353245.574,47.712,1800.0,0.0,10.3
1699353246.076,47.225,1800.0,0.5,10.3
1699353246.578,47.712,1800.0,0.0,10.2
1699353247.081,48.686,1800.0,0.0,10.2
1699353247.583,47.712,1800.0,0.0,10.2
1699353248.088,47.225,600.0,0.5,10.2
1699353248.594,47.712,600.0,1.5,10.1
1699353249.097,47.712,1800.0,26.0,10.1
1699353249.6,48.199,1800.0,21.5,10.3
1699353250.102,47.712,1800.0,0.0,10.3
1699353250.605,47.712,1800.0,0.0,10.3
1699353251.107,47.712,1800.0,0.0,10.3
1699353251.609,46.738,1800.0,0.0,10.3
1699353252.111,47.712,1800.0,0.0,10.3
1699353252.614,47.225,1800.0,0.0,10.3
1699353253.116,47.225,1800.0,0.5,10.3
1699353253.618,47.225,1800.0,0.0,10.3
1699353254.124,47.712,600.0,1.5,10.3
1699353254.626,47.712,1800.0,11.5,9.8
1699353255.129,48.686,1800.0,33.8,10.3
1699353255.632,48.686,1800.0,2.5,10.3
1699353256.134,48.686,1800.0,0.0,10.3
1699353256.636,48.199,1800.0,0.5,10.3
1699353257.139,47.225,1800.0,0.0,10.3
1699353257.641,47.712,1800.0,0.0,10.3
1699353258.143,47.225,1800.0,0.0,10.3
1699353258.645,48.199,1800.0,0.0,10.3
1699353259.148,48.199,1800.0,1.5,10.3
1699353259.653,47.712,600.0,0.5,10.3
1699353260.158,47.712,600.0,0.0,10.3
1699353260.662,48.686,1800.0,21.1,10.1
1699353261.164,48.199,1800.0,25.5,10.3
1699353261.667,48.686,1800.0,0.0,10.3
1699353262.169,47.225,1800.0,0.0,10.3
1699353262.671,47.712,1800.0,0.0,10.3
1699353263.174,47.225,1800.0,0.0,10.3
1699353263.676,48.199,1800.0,0.5,10.3
1699353264.179,47.712,1800.0,1.0,10.3
1699353264.681,46.738,1800.0,0.0,10.3
1699353265.183,47.712,1800.0,0.0,10.3
1699353265.689,47.225,600.0,2.0,10.3
1699353266.192,47.225,1800.0,8.0,9.7
1699353266.696,48.686,1800.0,30.8,10.2
1699353267.199,46.738,1800.0,7.6,10.3
1699353267.702,47.712,1800.0,0.0,10.3
1699353268.204,47.712,1800.0,0.5,10.3
1699353268.706,47.712,1800.0,0.0,10.3
1699353269.209,47.712,1800.0,1.5,10.3
1699353269.711,47.712,1800.0,0.0,10.3
1699353270.213,47.225,1800.0,0.0,10.3
1699353270.716,47.225,1800.0,0.5,10.3
1699353271.22,47.712,700.0,0.5,10.3
1699353271.726,47.712,600.0,0.0,10.3
1699353272.229,48.686,1800.0,19.0,9.9
1699353272.731,48.199,1800.0,28.6,10.2
1699353273.234,47.712,1800.0,0.0,10.2
1699353273.736,48.199,1800.0,0.0,10.2
1699353274.239,48.686,1800.0,1.0,10.2
1699353274.741,48.686,1800.0,0.0,10.2
1699353275.243,47.712,1800.0,0.0,10.2
1699353275.745,47.225,1800.0,0.0,10.2
1699353276.248,48.199,1800.0,0.0,10.2
1699353276.75,47.225,1800.0,0.0,10.2
1699353277.256,47.712,600.0,1.0,10.2
1699353277.761,47.225,600.0,0.5,10.2
1699353278.264,48.686,1800.0,24.5,10.1
1699353278.767,47.712,1800.0,23.5,10.3
1699353279.27,47.712,1800.0,1.0,10.3
1699353279.772,47.712,1800.0,0.5,10.3
1699353280.274,46.738,1800.0,0.0,10.3
1699353280.777,48.686,1800.0,0.0,10.3
1699353281.279,47.712,1800.0,0.0,10.3
1699353281.781,47.712,1800.0,0.0,10.3
1699353282.283,48.199,1800.0,0.0,10.3
1699353282.786,47.225,1800.0,0.5,10.3
1699353283.291,48.199,600.0,0.0,10.3
1699353283.793,47.225,1800.0,10.0,9.6
1699353284.297,47.712,1800.0,34.5,10.2
1699353284.8,48.199,1800.0,5.0,10.2
1699353285.302,47.712,1800.0,0.0,10.2
1699353285.804,48.686,1800.0,0.5,10.2
1699353286.306,47.225,1800.0,0.0,10.2
1699353286.809,47.712,1800.0,0.0,10.2
1699353287.311,47.225,1800.0,0.0,10.2
1699353287.813,46.251,1800.0,0.0,10.2
1699353288.315,47.712,1800.0,0.0,10.2
1699353288.82,46.738,700.0,0.5,10.2
1699353289.326,47.712,600.0,1.0,10.2
1699353289.829,46.738,1800.0,19.8,10.0
1699353290.331,47.712,1800.0,28.0,10.3
1699353290.834,47.712,1800.0,0.0,10.3
1699353291.336,48.199,1800.0,0.5,10.3
1699353291.838,46.738,1800.0,0.0,10.3
1699353292.341,49.173,1800.0,0.0,10.3
1699353292.843,46.738,1800.0,0.0,10.3
1699353293.345,47.225,1800.0,0.0,10.3
1699353293.848,47.712,1800.0,1.5,10.3
1699353294.35,47.225,1800.0,0.0,10.3
1699353294.855,47.712,600.0,0.0,10.3
1699353295.358,46.738,1800.0,5.0,9.2
1699353295.861,48.199,1800.0,25.4,10.1
1699353296.363,47.712,1800.0,16.1,10.2
1699353296.866,47.712,1800.0,0.5,10.2
1699353297.368,49.173,1800.0,0.5,10.2
1699353297.87,47.712,1800.0,0.0,10.2
1699353298.373,47.712,1800.0,0.0,10.2
1699353298.875,47.712,1800.0,1.0,10.2
1699353299.377,47.225,1800.0,0.5,10.2
1699353299.88,46.738,1800.0,0.0,10.2
1699353300.384,47.225,700.0,0.5,10.2
1699353300.889,48.199,600.0,0.0,10.2
1699353301.392,47.225,1800.0,17.8,9.9
1699353301.895,48.199,1800.0,30.3,10.3
1699353302.397,47.225,1800.0,0.0,10.3
1699353302.9,47.225,1800.0,0.0,10.3
1699353303.402,48.199,1800.0,0.0,10.3
1699353303.905,48.686,1800.0,1.5,10.3
1699353304.407,48.686,1800.0,0.0,10.3
1699353304.909,47.225,1800.0,0.5,10.3
1699353305.412,47.225,1800.0,0.0,10.3
1699353305.914,46.738,1800.0,0.0,10.3
1699353306.419,47.225,600.0,0.0,10.3
1699353306.924,47.225,600.0,0.5,10.3
1699353307.428,47.712,1800.0,23.4,10.1
1699353307.931,48.686,1800.0,23.1,10.3
1699353308.433,47.225,1800.0,0.0,10.3
1699353308.936,47.225,1800.0,1.5,10.3
1699353309.438,47.712,1800.0,0.0,10.3
1699353309.94,48.686,1800.0,0.0,10.3
1699353310.443,47.225,1800.0,0.0,10.3
1699353310.945,48.199,1800.0,0.0,10.3
1699353311.447,48.199,1800.0,0.0,10.3
1699353311.95,46.738,1800.0,0.5,10.3
1699353312.455,47.712,600.0,0.0,10.3
1699353312.959,47.712,1800.0,7.0,9.3
1699353313.462,49.173,1800.0,26.0,10.2
1699353313.965,48.686,1800.0,16.4,10.3
1699353314.468,47.225,1800.0,0.5,10.3
1699353314.97,46.738,1800.0,0.0,10.3
1699353315.477,47.225,1800.0,0.0,10.3
1699353315.979,48.199,1800.0,0.0,10.3
1699353316.482,47.712,1800.0,0.0,10.3
1699353316.984,47.225,1800.0,0.5,10.3
1699353317.486,46.738,1800.0,0.0,10.3
1699353317.991,47.225,700.0,0.0,10.3
1699353318.496,48.686,600.0,0.5,10.3
1699353318.999,47.225,1800.0,15.1,9.9
1699353319.502,49.173,1800.0,33.7,10.2
1699353320.005,47.225,1800.0,1.0,10.2
1699353320.507,47.712,1800.0,0.0,10.2
1699353321.009,46.738,1800.0,0.0,10.2
1699353321.511,48.686,1800.0,0.0,10.2
1699353322.014,48.199,1800.0,0.5,10.2
1699353322.516,48.686,1800.0,0.5,10.2
1699353323.019,46.738,1800.0,0.0,10.2
1699353323.521,48.199,1800.0,0.0,10.2
1699353324.025,47.225,800.0,1.0,10.2
1699353324.531,46.738,600.0,0.0,10.2
1699353325.033,47.712,1800.0,23.4,10.0
1699353325.541,48.686,1800.0,24.4,10.2
1699353326.043,48.199,1800.0,0.0,10.2
1699353326.546,48.199,1800.0,1.0,10.2
1699353327.048,48.686,1800.0,0.0,10.2
1699353327.55,48.199,1800.0,0.0,10.2
1699353328.052,47.225,1800.0,0.0,10.2
1699353328.555,47.225,1800.0,0.0,10.2
1699353329.057,47.712,1800.0,1.0,10.2
1699353329.559,47.712,1800.0,0.0,10.2
1699353330.065,46.738,600.0,0.5,10.2
1699353330.571,47.712,1800.0,8.5,9.6
1699353331.074,48.686,1800.0,30.0,10.2
1699353331.577,48.686,1800.0,9.0,10.3
1699353332.079,48.686,1800.0,0.0,10.3
1699353332.582,48.686,1800.0,0.0,10.3
1699353333.084,48.686,1800.0,0.0,10.3
1699353333.586,47.712,1800.0,0.0,10.3
1699353334.089,47.712,1800.0,1.5,10.3
1699353334.591,47.712,1800.0,0.0,10.3
1699353335.093,47.712,1800.0,0.0,10.3
1699353335.602,46.738,700.0,0.0,10.3
1699353336.107,47.225,600.0,0.5,10.3
1699353336.61,48.199,1800.0,18.4,10.0
1699353337.113,48.686,1800.0,30.7,10.3
1699353337.615,47.225,1800.0,0.0,10.3
1699353338.117,47.225,1800.0,0.5,10.3
1699353338.62,47.712,1800.0,0.0,10.3
1699353339.122,47.225,1800.0,1.0,10.3
1699353339.625,47.712,1800.0,0.5,10.3
1699353340.127,46.738,1800.0,0.0,10.3
1699353340.632,47.712,1800.0,0.0,10.3
1699353341.134,47.225,1800.0,0.0,10.3
1699353341.639,46.738,600.0,0.0,10.3
1699353342.145,47.225,600.0,3.0,10.2
1699353342.648,48.199,1800.0,25.0,10.2
1699353343.151,48.199,1800.0,19.5,10.3
1699353343.653,48.199,1800.0,0.0,10.3
1699353344.156,49.66,1800.0,1.0,10.3
1699353344.658,47.712,1800.0,0.0,10.3
1699353345.16,46.738,1800.0,0.0,10.3
1699353345.666,47.225,1800.0,0.0,10.3
1699353346.169,47.712,1800.0,0.5,10.3
1699353346.671,47.225,1800.0,0.0,10.3
1699353347.173,48.686,1800.0,0.0,10.3
1699353347.678,47.712,600.0,0.5,10.3
1699353348.181,48.199,1800.0,13.1,9.8
1699353348.684,48.199,1800.0,34.3,10.2
1699353349.187,48.199,1800.0,1.0,10.2
1699353349.689,48.199,1800.0,0.0,10.2
1699353350.191,48.199,1800.0,0.0,10.2
1699353350.696,47.712,1800.0,0.5,10.2
1699353351.198,49.173,1800.0,0.0,10.2
1699353351.701,47.712,1800.0,0.0,10.2
1699353352.203,47.712,1800.0,0.0,10.2
1699353352.705,48.199,1800.0,0.0,10.2
1699353353.21,48.199,600.0,0.0,10.2
1699353353.716,47.225,600.0,0.0,10.2
1699353354.219,48.199,1800.0,20.4,9.9
1699353354.721,49.173,1800.0,29.5,10.3
1699353355.224,47.225,1800.0,0.0,10.3
1699353355.726,47.712,1800.0,0.0,10.3
1699353356.229,48.686,1800.0,0.5,10.3
1699353356.731,47.712,1800.0,0.0,10.3
1699353357.233,47.712,1800.0,0.0,10.3
1699353357.735,47.712,1800.0,0.0,10.3
1699353358.238,47.225,1800.0,0.0,10.3
1699353358.74,47.225,1800.0,0.5,10.3
1699353359.245,47.225,600.0,1.0,10.3
1699353359.751,47.225,600.0,0.5,10.3
1699353360.254,48.199,1800.0,13.5,9.8
1699353360.756,48.686,1800.0,33.0,10.2
1699353361.259,47.712,1800.0,0.5,10.2
1699353361.761,47.712,1800.0,0.0,10.2
1699353362.263,47.225,1800.0,0.5,10.2
1699353362.766,47.712,1800.0,0.0,10.2
1699353363.268,46.738,1800.0,0.0,10.2
1699353363.77,48.199,1800.0,0.0,10.2
1699353364.273,47.225,1800.0,1.5,10.2
1699353364.775,46.251,1800.0,0.0,10.2
1699353365.28,47.225,600.0,0.0,10.2
1699353365.786,47.712,600.0,0.0,10.2
1699353366.289,47.712,1800.0,24.4,10.0
1699353366.792,48.686,1800.0,22.5,10.2
1699353367.294,47.712,1800.0,0.0,10.2
1699353367.797,47.225,1800.0,0.5,10.2
1699353368.299,47.225,1800.0,0.0,10.2
1699353368.801,47.712,1800.0,0.0,10.2
1699353369.304,47.712,1800.0,1.5,10.2
1699353369.806,47.712,1800.0,0.0,10.2
1699353370.308,48.199,1800.0,0.0,10.2
1699353370.811,46.738,1800.0,0.0,10.2
1699353371.316,47.225,600.0,0.5,10.2
1699353371.821,46.738,600.0,0.0,10.2
1699353372.326,48.686,1800.0,23.8,10.0
1699353372.828,48.199,1800.0,23.6,10.3
1699353373.331,47.712,1800.0,0.0,10.3
1699353373.833,48.199,1800.0,0.0,10.3
1699353374.336,47.225,1800.0,1.0,10.3
1699353374.838,47.712,1800.0,0.0,10.3
1699353375.341,47.712,1800.0,0.5,10.3
1699353375.843,47.712,1800.0,0.0,10.3
1699353376.345,47.225,1800.0,0.0,10.3
1699353376.848,47.712,1800.0,0.0,10.3
1699353377.353,47.712,600.0,0.5,10.3
1699353377.857,46.738,1000.0,6.5,9.1
1699353378.361,49.173,1800.0,25.9,10.1
1699353378.864,48.686,1800.0,15.6,10.2
1699353379.366,47.225,1800.0,1.5,10.2
1699353379.869,47.712,1800.0,0.0,10.2
1699353380.371,47.712,1800.0,0.0,10.2
1699353380.873,47.712,1800.0,0.0,10.2
1699353381.375,47.225,1800.0,0.0,10.2
1699353381.878,47.712,1800.0,0.0,10.2
1699353382.381,47.712,1800.0,0.0,10.2
1699353382.885,47.225,700.0,0.0,10.2
1699353383.391,47.225,600.0,0.5,10.2
1699353383.894,47.225,1800.0,18.4,9.9
1699353384.396,48.686,1800.0,32.2,10.3
1699353384.899,47.712,1800.0,0.5,10.3
1699353385.401,48.199,1800.0,1.0,10.3
1699353385.904,48.199,1800.0,0.5,10.2
1699353386.406,47.225,1800.0,0.0,10.2
1699353386.908,48.199,1800.0,0.0,10.2
1699353387.411,47.712,1800.0,0.0,10.2
1699353387.913,47.712,1800.0,0.0,10.2
1699353388.415,48.686,1800.0,0.5,10.2
1699353388.92,46.738,700.0,1.0,10.2
1699353389.426,46.251,600.0,0.5,10.2
1699353389.93,48.686,1800.0,23.5,10.0
1699353390.432,48.686,1800.0,25.0,10.3
1699353390.935,47.712,1800.0,0.0,10.3
1699353391.437,47.225,1800.0,0.0,10.3
1699353391.939,47.225,1800.0,0.0,10.3
1699353392.442,48.199,1800.0,0.0,10.3
1699353392.944,48.199,1800.0,0.5,10.3
1699353393.446,47.712,1800.0,0.0,10.3
1699353393.949,49.173,1800.0,1.5,10.3
1699353394.451,47.712,1800.0,0.0,10.3
1699353394.957,46.738,600.0,0.0,10.3
1699353395.464,47.225,600.0,3.0,10.2
1699353395.967,47.712,1800.0,25.2,10.1
1699353396.469,48.199,1800.0,18.7,10.3
1699353396.972,47.225,1800.0,0.0,10.3
1699353397.474,48.686,1800.0,0.0,10.3
1699353397.976,46.738,1800.0,0.5,10.3
1699353398.479,48.686,1800.0,0.0,10.3
1699353398.981,47.225,1800.0,1.0,10.3
1699353399.483,47.712,1800.0,0.0,10.3
1699353399.986,47.712,1800.0,0.0,10.3
1699353400.488,47.225,1800.0,0.5,10.3
1699353400.993,47.225,600.0,0.0,10.3
1699353401.496,47.712,1800.0,12.9,9.9
1699353401.999,47.712,1800.0,33.7,10.2
1699353402.501,48.686,1800.0,1.5,10.3
1699353403.004,47.712,1800.0,0.0,10.3
1699353403.506,47.712,1800.0,0.0,10.3
1699353404.009,47.225,1800.0,1.0,10.3
1699353404.511,46.738,1800.0,0.0,10.3
1699353405.013,47.712,1800.0,0.5,10.3
1699353405.516,47.712,1800.0,0.5,10.3
1699353406.018,47.712,1800.0,0.0,10.3
1699353406.523,48.199,600.0,0.0,10.3
1699353407.028,47.225,600.0,0.5,10.3
1699353407.532,48.199,1800.0,22.6,10.0
1699353408.034,48.686,1800.0,25.9,10.3
1699353408.537,48.199,1800.0,0.5,10.3
1699353409.039,47.712,1800.0,0.5,10.3
1699353409.542,47.712,1800.0,0.0,10.3
1699353410.044,48.199,1800.0,0.0,10.3
1699353410.546,47.225,1800.0,0.0,10.3
1699353411.048,46.738,1800.0,0.5,10.3
1699353411.551,48.199,1800.0,0.0,10.3
1699353412.053,47.225,1800.0,0.0,10.3
1699353412.558,48.199,600.0,0.0,10.3
1699353413.062,47.712,1800.0,7.5,9.4
1699353413.568,47.712,1800.0,29.7,10.1
1699353414.07,48.686,1800.0,11.0,10.2
1699353414.573,47.712,1800.0,0.5,10.2
1699353415.075,47.712,1800.0,0.0,10.2
1699353415.577,47.225,1800.0,0.0,10.2
1699353416.08,48.199,1800.0,0.0,10.2
1699353416.582,47.712,1800.0,0.0,10.2
1699353417.084,47.712,1800.0,0.5,10.2
1699353417.587,48.199,1800.0,0.0,10.2
1699353418.091,47.712,700.0,0.0,10.2
1699353418.596,47.225,600.0,0.5,10.2
1699353419.099,48.686,1800.0,18.5,9.9
1699353419.602,48.686,1800.0,29.9,10.2
1699353420.105,46.738,1800.0,0.5,10.2
1699353420.607,48.199,1800.0,0.0,10.2
1699353421.109,47.712,1800.0,0.0,10.2
1699353421.612,47.712,1800.0,0.5,10.2
1699353422.114,47.712,1800.0,0.0,10.2
1699353422.616,47.712,1800.0,0.0,10.2
1699353423.119,47.712,1800.0,0.0,10.2
1699353423.621,47.712,1800.0,0.0,10.2
1699353424.126,47.712,700.0,1.0,10.2
1699353424.631,47.225,700.0,2.5,10.2
1699353425.135,48.199,1800.0,25.4,10.1
1699353425.638,47.225,1800.0,21.0,10.2
1699353426.14,49.173,1800.0,0.0,10.2
1699353426.642,47.225,1800.0,0.0,10.2
1699353427.145,47.225,1800.0,0.0,10.2
1699353427.647,48.199,1800.0,0.5,10.2
1699353428.15,48.199,1800.0,0.0,10.2
1699353428.652,47.225,1800.0,0.5,10.2
1699353429.154,47.225,1800.0,0.5,10.2
1699353429.657,47.225,1800.0,0.5,10.2
1699353430.162,46.738,600.0,0.0,10.2
1699353430.667,46.738,600.0,0.5,10.2
1699353431.173,48.199,1800.0,22.8,10.1
1699353431.676,49.173,1800.0,23.7,10.3
1699353432.178,47.712,1800.0,0.0,10.3
1699353432.68,49.173,1800.0,0.0,10.3
1699353433.183,47.712,1800.0,0.0,10.3
1699353433.685,47.712,1800.0,0.0,10.3
1699353434.188,47.712,1800.0,1.5,10.3
1699353434.69,47.712,1800.0,0.0,10.3
1699353435.193,47.712,1800.0,0.5,10.3
1699353435.695,48.199,1800.0,0.0,10.3
1699353436.204,48.199,600.0,0.0,10.3
1699353436.71,46.738,600.0,0.0,10.3
1699353437.213,47.712,1800.0,19.4,10.0
1699353437.716,49.173,1800.0,28.0,10.3
1699353438.218,48.199,1800.0,0.0,10.3
1699353438.721,47.712,1800.0,0.0,10.3
1699353439.223,48.199,1800.0,1.5,10.3
1699353439.725,47.225,1800.0,0.5,10.3
1699353440.228,46.738,1800.0,0.0,10.3
1699353440.73,47.712,1800.0,0.0,10.3
1699353441.232,48.686,1800.0,0.5,10.3
1699353441.735,47.712,1800.0,0.0,10.3
1699353442.24,46.738,600.0,0.0,10.3
1699353442.746,46.738,600.0,2.0,10.2
1699353443.249,48.686,1800.0,25.0,10.1
1699353443.752,46.738,1800.0,20.6,10.3
1699353444.254,47.712,1800.0,1.0,10.3
1699353444.757,48.199,1800.0,0.5,10.3
1699353445.259,48.686,1800.0,0.0,10.3
1699353445.762,48.199,1800.0,0.5,10.2
1699353446.264,47.225,1800.0,0.0,10.2
1699353446.767,47.225,1800.0,0.5,10.2
1699353447.269,48.686,1800.0,0.0,10.2
1699353447.772,47.225,1800.0,0.0,10.2
1699353448.282,48.199,600.0,1.0,10.2
1699353448.785,47.225,1800.0,6.0,9.3
1699353449.289,48.199,1800.0,29.0,10.1
1699353449.791,48.199,1800.0,13.0,10.2
1699353450.294,47.225,1800.0,0.0,10.2
1699353450.796,48.686,1800.0,0.5,10.2
1699353451.299,47.225,1800.0,0.0,10.2
1699353451.801,48.199,1800.0,0.0,10.2
1699353452.304,48.199,1800.0,0.5,10.2
1699353452.806,48.199,1800.0,0.0,10.2
1699353453.311,48.199,1800.0,0.0,10.2
1699353453.816,47.712,700.0,0.5,10.2
1699353454.322,47.712,600.0,2.5,10.2
1699353454.825,47.225,1800.0,12.5,9.8
1699353455.328,48.686,1800.0,34.5,10.2
1699353455.83,47.712,1800.0,0.5,10.3
1699353456.333,48.199,1800.0,0.5,10.3
1699353456.836,47.712,1800.0,0.0,10.3
1699353457.338,48.686,1800.0,0.0,10.3
1699353457.841,47.712,1800.0,0.5,10.3
1699353458.348,48.686,1800.0,1.5,10.3
1699353458.85,48.199,1800.0,0.0,10.3
1699353459.353,47.225,1800.0,1.0,10.3
1699353459.858,48.686,600.0,0.0,10.3
1699353460.364,47.225,600.0,1.0,10.3
1699353460.867,48.199,1800.0,20.0,10.0
1699353461.369,49.173,1800.0,28.5,10.3
1699353461.872,47.712,1800.0,0.0,10.3
1699353462.374,47.712,1800.0,0.0,10.3
1699353462.877,47.712,1800.0,0.5,10.3
1699353463.384,47.225,1800.0,0.5,10.3
1699353463.886,47.712,1800.0,0.5,10.3
1699353464.389,48.199,1800.0,1.0,10.3
1699353464.891,47.712,1800.0,0.0,10.3
1699353465.393,48.686,1800.0,0.0,10.3
1699353465.898,47.712,600.0,0.5,10.3
1699353466.403,48.199,600.0,0.0,10.3
